ProductId,Current stock,2026-07-13
SWGS1GBL1,0,
SWGS1GBL,15,14
PHUH1HETBM2PK+ICST64E272PK,350,107
PHUH1HETBM2PK,350,107
PHUH1HETBM+ICST64E27,350,214
LSFT220BB+RPR44WH,300,367
LSFT220BC+RPR44WH,900,1186
LSFT220BM+RPR44WH,2853,2474
ENC3487,0,0
LSFT220RR+RPR44WH,294,644
LSFT220BS+RPR44WH,349,322
CRSF100BM+PHCN1PBRBM+LSCP150WH+ICST64E27,74,32
LSDO400OR+RPR44WH,48,16
ENC4097,36,52
LSDO210OR+RPR44WH,342,272
ENC4435,0,0
LSFT220GY+RPR44WH,806,696
CRSF100BMAPK+PHHT1PBRBMAPK+ICST64E27APK,728,631
ENC3548,-,
ENC3546,0,71
LSFT220BL+RPR44WH,551,708
ENC4081,52,39
CRFF100WO+PHMH1HERCO,0,0
LSFT220BI+RPR44WH,2067,1835
CRSF100RR+PHSH1PBRRR+WCBNRR,57,54
CRSF100RRAPK+PHHT1PBRRRAPK+ICST64E27APK,9,7
LSFT220PI+RPR44WH,90,58
LSFT220GR+RPR44WH,1550,1306
ENC4079,0,0
ENC3492,99,89
ENC4135,52,39
ENC4078,0,0
ENC3580,0,17
ENC4377,47,29
LSSS300LG+RPR44WH,0,0
ENC4132,0,57
ENC3516,55,0
LSFT220WH+RPR44WH,882,773
LSFT220RE+RPR44WH,635,497
LSFT220OR+RPR44WH,628,500
ENC4133,80,76
ENC4134,36,52
WCB825BM,5,5
LSFT220YE+RPR44WH,428,563
CRSF100CH+PHCHPCRCH+LSMS320BT,195,2
WCB2BB,78,0
WCB4BM,614,554
LDCWE27125PK,0,0
12BO48,502,354
WCB3BC,207,191
CRSF2003CH+PHSH1PCRCH3PK+WCLCCH3PK+ICT185E27603PK,118,117
ENC4204,22,56
ENC4201,15,44
LSWD360BC+RPR44WH,59,276
LSTF40BM+RPR44WH,309,304
LSRP260SN+RPR44WH,84,58
CRSF100WH+PHRB1PWR40WH+LSBS160BL,33,77
LSDO210BI+RPR44WH,957,1014
LSDM220YB+RPR44WH,325,172
CRFF140GL+LHNSE27YB+SCRN70BM+LSFT220OR+ICST64E27,44,500
CRFF100BM+WSLS155YB+WCMSBM,1,0
12IP6750,302,221
ENC4374,62,57
CRSF100BM+WSLS155GB+LSCY290RE+ICST64E27,369,318
CRSF100BM+WSLS155GB+LSCY290GY,369,318
CRSF100WH+PHCN1PWRWH+LSSS300CH,150,85
ENC4380,9,5
LSUL220BC+RPR44WH,521,798
CRSF100BM+PHHT1PBRBM+WCWVBM+ICST64E2740,98,84
LSFT220FG+RPR44WH,178,126
CRSF100BM+LHNSE27BM+SCRN70YB+LSLT360YE+ICST64E27,149,141
WCB5BB,127,119
PLBXBM+PCGZ250TP+PCRNSR+PCGZ30NT+LHTTE27BM+RPM40BM+LSMS320BI,148,143
ENC4329,0,19
ENC4093,38,22
LSMS320WH+RPR44WH,1231,843
LSHH240BC+RPR44WH,156,126
CRSF2003WH+PHCH1PWRSBL3PK+WCDTBL3PK,57,15
CRSF1202CH+WSIW70CH2PK+WCBNCH2PK,54,53
LSSS300RE+RPR44WH,1215,975
LSSS300CO+RPR44WH,395,319
LSTF40BC+RPR44WH,492,601
LSDO210BG+RPR44WH,802,2118
LDCWE27255PK,71,45
LDCWE27253PK,118,75
CRFF140GL+LHNSE27YB+SCRN70BM+LSTL260BI,0,0
CRFF140GL+LHNSE27YB+SCRN70BM+LSFT220RE+ICST64E27,44,497
CRFF140GL+LHNSE27YB+SCRN70BM+LSFT220BS,44,322
CRFF140GL+LHNSE27YB+SCRN70BM+LSFT220BC,44,988
12IP6730,397,233
12IP67150,245,134
LDCWB22125PK,0,0
CRSF100BM+WSLS155GB+LSCY290BS+ICST64E27,369,318
LDWWB22125PK,0,0
CRSF100BM+PHSH1PBRYB+LSSS300BM+ICST64E2740,842,869
LSSS300BC+RPR44WH,45,239
CCBC18,463,428
12BO18,145,159
LSFT220RO+RPR44WH,170,246
CRSF2003CH+PHSH1PCRCH3PK+WCLCCH3PK,118,117
WCB5BM,455,407
ENC4331,36,52
LDWWB2212,0,0
ENC4200,51,53
CRSF100BM+PHSH1PBRYB+LSSS300PI,123,98
ENC4195,305,0
CRSF100OR2PK+WSCH135OR2PK+LSDO210OR2PK,64,53
CRSF2003BS+PHRI1PCRSN3PK+LSHH240BS3PK,62,57
ENC4332,18,0
CRSF2003BM+PHRI1PCRCH3PK+LSHH240BM3PK,47,29
ENC4087,18,0
LSTF40CO+RPR44WH,217,238
ENC4086,93,82
LSDM220RO+RPR44WH,258,232
LSDO400WH+RPR44WH,34,9
LSDM220GB+RPR44WH,138,0
CRSF1202CH+WSIW70CH2PK+WCBNCH2PK+ICST64E272PK,54,0
LSCY210BS+RPR44WH,179,159
LSUL220BM+RPR44WH,369,698
CRFF500WH+PHCH1PWRSYE3PK+WCDTYE3PK,0,19
WCB6BB,233,152
WCB6BC,391,212
LSTF40SN+RPR44WH,237,172
CRFF500WH+PHCH1PWRSYE3PK+LSSS300YE3PK,0,57
WCB6BS,348,265
CRSF100YB+PHCN1PBRYB+LSSS300YB+ICST64E27,59,5
CRSF100CO+PHCN1PBRCO+LSSS300CO,382,319
ENC4330,92,74
LDCWE2725,355,225
12BO28,626,523
CRFF500WH+PHCH1PWRSOR3PK+LSSS300OR3PK,52,39
CRFF500WH+PHCH1PWRSOR3PK+LSCY290OR3PK,52,39
LSFT220GB+RPR44WH,88,339
CRSF100BM+LHNSE27BM+SCRN70YB+LSLT360WH,50,32
CRSF100BM+LHNSE27BM+SCRN70YB+LSLT360RE+ICST64E27,84,72
CRFF140YB+WSNW170YB+LSRP260YB,128,49
CRFF500WH+PHCH1PWRSGY3PK+LSSS300GY3PK,63,79
CRSF100BM+LHNSE27BM+SCRN70YB+LSLT360GY,306,292
PLTYBS+ICST64E27,59,43
CRSF125BM+TPWDWO+PHPO1PBRBM,0,0
12IP67100,415,308
CRFF500BS+PHRI1PCRSN3PK+LSHH240BS3PK,2,43
CRFF140GL+LHNSE27YB+SCRN70BM+LSFT220BS+ICST64E27,44,322
PHSF1PWR20WH+LSWE315BU,34,33
CRSF100WH+PHCN1PWRWH+LSSS300CH+ICST64E27,150,85
LSCY210BC+RPR44WH,289,223
LDCWE277,-15,0
LDCWE27252PK,177,112
CRFF500WH+PHCH1PWRSRE3PK+LSCY290RE3PK,36,52
CRFF140GL+LHNSE27YB+SCRN70BM+LSFT220BM,44,988
CRFF140GL+LHNSE27YB+SCRN70BM+LSFT220BB+ICST64E27,44,367
WCB6BM,752,400
CRFF500WH+PHCH1PWRSGY3PK+LSCY290GY3PK,93,82
CRFF140GL+LHNSE27YB+SCRN70BM+LSFT220YE,44,563
12IP6720,599,230
LDWWE2773PK,0,0
LDWWE2772PK,0,0
CCGNNSWE48,170,146
PLTYBC+ICST64E27,144,92
CRSF100BM+WSLS155GB+LSCY290RE,369,318
ENC4293,18,0
ENC4292,36,52
CRSF100GD2PK+PHAH2RGBGD2PK+ICST64E272PK,20,19
ENC4092,95,76
12IP6715,823,511
CRSF100HBM+WSLS155BM+SCRN70BM+LSFT220BM+PSDS2BPB,-,508
CRSF100BM2PK+PHAH2RCHBW2PK+ICST64E272PK,110,102
CRSF100FG+WSNW170FG+WCBNFG+ICST64E27,5,0
CRSF100BC+PLOTBC,152,135
ENC4089,68,60
LSMS320BI+RPR44WH,1837,1387
CRSF2003WH+PHCH1PWRSYE3PK+LSDO210YE3PK,0,57
PHSF1PWR20WH+LSWE315BU+ICST64E27,34,33
CRFF500WH+PHCH1PWRSWH3PK+LSCY290WH3PK,95,76
CRFF500WH+PHCH1PWRSRE3PK+LSSS300RE3PK,36,52
CRFF140GL+LHNSE27YB+SCRN70BM+LSFT220BL+ICST64E27,44,708
LDWWE277,-25,0
CRSF100BM+WSLS155GB+LSCY290GY+ICST64E27,369,318
WCB7BM,242,0
WCB4BS,133,16
ENC4090,0,57
LSFT220SN+RPR44WH,154,227
CRSF100BM+LHNSE27BM+SCRN70YB+LSLT360OR,264,234
ENC4205,45,30
PLTYBM+ICST64E27,244,202
LSLC180BC+RPR44WH,110,76
CRSF2003WH+PHCH1PWRSOR3PK+LSDO210OR3PK,52,39
CRSF2003WH+PHCH1PWRSGY3PK+LSDO210GY3PK,34,82
LSSS300RR+RPR44WH,195,188
LSDM220GS+RPR44WH,336,295
LSDM220CO+RPR44WH,302,198
CRFF500WH+PHCH1PWRSWH3PK+LSSS300WH3PK,95,76
CRFF140GL+LHNSE27YB+SCRN70BM+LSFT220BL,44,708
CRFF140GL+LHNSE27YB+SCRN70BM+LSFT220BC+ICST64E27,44,988
12IP6736,1822,1745
ENC4372,52,42
CRSF100HBM+WSLS155BM+SCRN70BM+LSFT220BM+PSDS2BPB+ICST64E27,-,0
CRSF100GD2PK+PHAH2RGBGD2PK,20,19
CRSF100FG+WSST70FG,117,82
CRSF100CH+WSST70CH,90,74
WCB7BS,326,59
CRSF100BM+PHCN1PBRBM+LSSS300BI,632,481
LSUL220BB+RPR44WH,245,179
CRSF100BM+PHSQ1PBRYB+LSFT220BL+LDMST64E274,0,708
ENC4193,305,0
12IP20100,109,72
CRSF100BM+PHBL1PBRBM+WCWVBM,98,84
CRSF100BM+LHNSE27BM+SCRN70YB+LSLT360BL,-,
WCB5BC,119,109
WCB3BB,333,322
ENC4091,36,52
LSMS320OR+RPR44WH,868,666
LDCWB22122PK,0,0
LSCY210BG+RPR44WH,1056,2442
LDCWE2725APK,35,22
CRFF500WH+PHCH1PWRSRE3PK+WCDTRE3PK,36,52
CRFF500RR+PHRI1PBRCO3PK+LSHH240RR3PK,9,5
CRFF140GL+LHNSE27YB+SCRN70BM+LSFT220OR,44,500
WCB5WH,28,13
WCB4BC,161,140
WCB4BB,181,173
PSOS2HETBM+WCWVBM,48,23
CRSF100BM+PHCN1PBRBM+LSSS300BM,842,869
CRSF100BM+PHSH1PBRYB+LSSS300BC+ICST64E27,45,239
CRSF100BM+PHSQ1PBRBM+WCSLBM,287,282
CRSF100BM+LHNSE27BM+SCRN70YB+LSLT360WH+ICST64E27,50,32
CRSF100BM+LHNSE27BM+SCRN70YB+LSLT360GY+ICST64E27,306,292
ENC4333,57,15
LSOL180BM+RPR44WH,1276,2188
LSMS320GR+RPR44WH,1228,984
CRSF2003WH+PHCH1PWRSGR3PK+WCDTGR3PK,18,0
CRSF2003BC+PHRI1PBRYB3PK+LSHH240BC3PK,52,42
LSUL220RR+RPR44WH,146,259
LSUL220BS+RPR44WH,369,343
LSSS300SN+RPR44WH,162,77
PHSF1PWR20WH+LSWE315BD+ICST64E27,-,
LSTF40YB+RPR44WH,328,147
LSTF40RR+RPR44WH,255,249
LDCWB22123PK,0,0
LSDO210BS+RPR44WH,201,344
LSDM220CH+RPR44WH,109,80
CRFF500WH+PHCH1PWRSGR3PK+WCDTGR3PK,18,0
CRFF140GL+LHNSE27YB+SCRN70BM+LSFT220WH,44,773
CRFF140RO+WSNW170RO+WCDCRO+ICST64E27,102,153
ENC4156,7,3
CCBC12,236,166
CRSF100BM+PHSH1PBRYB+LSSS300GY,190,237
LSFT220CH+RPR44WH,253,129
LSOL180BS+RPR44WH,171,128
LSMS320YE+RPR44WH,485,188
LSMS320BT+RPR44WH,459,442
CRSF2003WH+PHCH1PWRSRE3PK+WCDTRE3PK,36,52
LSSS300BS+RPR44WH,0,77
CRFF500WH+PHCH1PWRSYE3PK+LSCY290YE3PK,0,57
CRFF500WH+PHCH1PWRSPI3PK+LSSS300PI3PK,0,1
LDWWE2775PK,0,0
CRSF100BM+PHCN1PBRBM+LSSS300BM+ICST64E27,842,869
CRSF100YB+PHCN1PBRYB+LSSS300YB,59,5
LSSS300BI+RPR44WH,632,481
LSFT220YB+RPR44WH,594,415
CRSF1205BM+PHSH2PBRYB5PK+SPUPBM5PK+SCRN70BM+SCRN70FG2PK+LSCY210BM+LSTF40YB+LSUL220BC+LSDO300CO+WCSLBM+ICST64E275PK,-,0
CRSF100BM+LHNSE27BM+SCRN70YB+LSLT360YE,149,141
CRSF100BM+LHNSE27BM+SCRN70YB+LSLT360BL+ICST64E27,-,
ENC4199,4,1
ENC4295,57,15
LSHH240BS+RPR44WH,188,171
LSHH240BM+RPR44WH,142,88
CRSF2003WH+PHCH1PWRSYE3PK+WCDTYE3PK,0,19
CRSF2003WH+PHCH1PWRSWH3PK+WCDTWH3PK,92,74
CRSF2003WH+PHCH1PWRSWH3PK+LSDO210WH3PK,80,76
CRSF2003WH+PHCH1PWRSBL3PK+LSDO210BL3PK,8,29
LSCY210RR+RPR44WH,214,207
CRFF500WH+PHCH1PWRSGR3PK+LSSS300GR3PK,18,0
CRFF500BC+PHRI1PBRYB3PK+LSHH240BC3PK,1,42
CRFF140GL+LHNSE27YB+SCRN70BM+LSFT220GR+ICST64E27,44,988
CRFF140GL+LHNSE27YB+SCRN70BM+LSFT220BM+ICST64E27,44,988
12IP6710,963,711
ENC4371,47,29
CRSF100BM+WSLS155GB+LSCY290BL,369,318
LSRP260CO+RPR44WH,229,181
CRSF100GD2PK+PHAH2RYBGD2PK+ICST64E272PK,35,30
CRSF100GD2PK+PHAH2RYBGD2PK,35,30
WCB4RR,314,304
ENC4100,0,57
CRSF100BM+PHSQ1PBRYB+LSFT220BM,0,2474
CRSF100RE2PK+WSCH135RE2PK+LSDO210RE2PK,22,56
CRSF100BM+PHSQ1PBRBM+WCSLBM+ICST64E27,287,282
LSRP260CH+RPR44WH,244,239
LSOL180BC+RPR44WH,234,404
CRFF500WH+PHCH1PWRSBL3PK+LSSS300BL3PK,38,22
CRFF140GL+LHNSE27YB+SCRN70BM+LSTL260BI+LDMST64E274,0,0
12IP67250,128,95
LDCWB2212APK,0,0
LSRP260GB+RPR44WH,226,162
CRSF100GY2PK+WSCH135GY2PK+LSDO210GY2PK,51,53
WCB5RR,134,125
LDCWE2712,-56,0
CRSF100CO+PHCN1PBRCO+LSSS300CO+ICST64E27,382,319
12BO100,614,557
CRSF100BM+PHSH1PBRYB+LSSS300BM,842,869
PLBXBM+PCGZ250TP+PCRNSR+PCGZ30NT+LHTTE27BM+RPM40BM+LSMS320BI+LDCWE2715,148,143
WCB2BM,542,348
LSMS320GY+RPR44WH,1106,1228
CRSF100BM+PHSQ1PBRYB+LSFT220GR+LDMST64E274,0,1306
CRSF2003WH+PHCH1PWRSRE3PK+LSDO210RE3PK,36,52
CRSF100BM+PHSQ1PBRYB+LSFT220BL,0,708
CRSF2003WH+PHCH1PWRSGR3PK+LSDO210GR3PK,18,0
CRSF125BM+TPWDWO+PHPO1PBRBM+ICST64E27,0,0
12BO72,623,576
LSTF40GB+RPR44WH,201,134
LSFT220CO+RPR44WH,789,591
ENC4733,309,304
CRSF100YE2PK+WSCH135YE2PK+LSDO210YE2PK,15,44
WCB5BS,40,37
ENC4379,2,43
ENC4203,64,53
CRFF500WH+PHCH1PWRSGR3PK+LSCY290GR3PK,18,0
WCB2BC,147,64
ENC4202,65,63
CRFF500WH+PHCH1PWRSBL3PK+WCDTBL3PK,57,15
LDCWE27123PK,0,0
ENC4290,92,74
CRFF500WH+PHCH1PWRSBL3PK+LSCY290BL3PK,68,60
LDWWB22122PK,0,0
CRFF500BM+PHRI1PCRCH3PK+LSHH240BM3PK,47,29
ENC4099,95,76
CRSF100BM+PHCN1PBRBM+LSSS300BI+ICST64E27,632,481
CRFF140GL+LHNSE27YB+SCRN70BM+LSFT220WH+ICST64E27,44,773
ENC4088,52,39
ENC4194,305,0
CRFF140GL+LHNSE27YB+SCRN70BM+LSFT220RR,44,644
LSLC180BS+RPR44WH,174,160
LSSS300RO+RPR44WH,74,53
CRSF100WH2PK+WSCH135WH2PK+LSDO210WH2PK,45,30
CRFF140GL+LHNSE27YB+SCRN70BM+LSFT220BB,44,367
LSSS300BL+RPR44WH,114,67
CRSF125BM+TPWDWO+PHDC1PBRBX+ICG95E2740,0,0
12IP20120,300,260
12IP6724,402,387
PHSF1PWR20WH+LSWE315BD,-,
LSWD360BS+RPR44WH,109,142
ENC4291,0,19
ENC4376,9,5
LSTF40BG+RPR44WH,268,463
ENC4378,1,42
LSOL180RR+RPR44WH,164,99
LSDO210BB+RPR44WH,312,345
CRSF100BM+WSLS155GB+LSCY290WH+ICST64E27,369,318
CRSF2003WH+PHCH1PWRSBD3PK+LSDO210BD3PK,-,
CRSF100BM2PK+PHAH2RCOBR2PK,0,0
LSSS300WH+RPR44WH,594,559
LSDM220SN+RPR44WH,315,234
LDWWE277APK,0,0
CRSF100BM2PK+PHAH2RCHBW2PK,110,102
CRSF100BM2PK+PHAH2RBMBM2PK,26,19
CRSF100BM+WSLS155GB+LSCY290YE+ICST64E27,369,318
CRSF100BS+PLOTBS,24,19
CRSF100BM+WSST70BM,268,378
WCB7RR,388,354
CRSF100BM+PHSH1PBRYB+LSSS300BL+ICST64E27,114,67
CRSF100BM+PHSQ1PBRYB+LSFT220BM+LDMST64E274,0,2474
CRSF100BM+PHSQ1PBRYB+LSFT220OR+LDMST64E274,0,500
CRSF100NB2PK+WSCH135NB2PK+LSDO210NB2PK,65,63
CRSF100GR2PK+WSCH135GR2PK+LSDO210GR2PK,4,1
CRSF100BM+LHNSE27BM+SCRN70YB+LSLT360RE,84,72
CRSF100BM+LHNSE27BM+SCRN70YB+LSLT360OR+ICST64E27,264,234
PLTYRR+ICST64E27,178,148
LSMS320RE+RPR44WH,648,375
LSHH240RR+RPR44WH,28,17
CRSF2003RR+PHRI1PBRCO3PK+LSHH240RR3PK,9,5
CRSF1205BM+PHSH2PBRYB5PK+SPUPBM5PK+SCRN70BM+SCRN70FG2PK+LSCY210BM+LSTF40YB+LSUL220BC+LSDO300CO+WCSLBM,77,128
LSSS300YB+RPR44WH,59,5
LSRP260YB+RPR44WH,128,49
LDCWB2212,-23,0
LSDO210BM+RPR44WH,675,871
CRFF500WH+PHCH1PWRSWH3PK+WCDTWH3PK,92,74
CRFF500WH+PHCH1PWRSBU3PK+LSCY290BU3PK,0,0
CRFF140GL+LHNSE27YB+SCRN70BM+LSFT220RE,44,497
CRFF140GL+LHNSE27YB+SCRN70BM+LSFT220GR,44,988
CRSF100BM+WSLS155GB+LSCY290BS,369,318
CRSF100BM+WSLS155GB+LSCY290RR+ICST64E27,38,269
CRSF100BB+PLOTBB+ICST64E2760,-,0
CRSF100CO+WSST70CO,61,113
CRSF100BM2PK+PHAH2RCOBR2PK+ICST64E272PK,0,0
CRSF100BM2PK+PHAH2RBMBM2PK+ICST64E272PK,26,19
CRSF100BM+WSLS155GB+LSCY290YE,369,318
LSDO300NB+RPR44WH,157,152
CRSF100BC+PHRI1PBRYB+LSHH240BC,156,126
CRSF100BC+PHRI1PBRYB+LSHH240BC+ICST64E27,156,126
CRSF100CH+PHHT1PCRCH+LSFT220CH+ICST64E27,132,117
CRSF100BM+WSLS155GB+LSCY290WH,369,318
CRSF100FG+WSNW170FG+WCBNFG,5,0
CRSF100BC+PLOTBC+ICST64E27,152,135
CRSF100BS+PLOTBS+ICST64E27,24,19
CRSF100CH+PHHT1PCRCH+LSFT220CH,132,117
CRSF100GB+WSST70GB,125,47
CRSF100BB+PLOTBB,37,6
CRSF100WH+WSST70WH,26,17
CRSF100SE+WSSM40BM+LSOL180SE,-,
CRSF100RR+PHRI1PBRCO+LSHH240RR,28,17
PLBXBS+PLWP120BS+LSUL220BS+ICST64E27,28,10
LDWWB225,-24,0
CRSF100YB+WSST70YB,664,650
CRSF100SN+PHRI1PCRSN+LSHH240BS,188,171
LDCWE277APK,0,0
CRSF100BM+WSLS155GB+LSCY290BL+ICST64E27,369,318
CRSF100SN+WSST70SN,451,429
CRFF500WH+PHCH1PWRSGR3PK+LSFT220GR3PK,18,0
CRFF500WH+PHCH1PWRSBL3PK+LSFT220BL3PK,68,60
LDCWB2272PK,0,0
LDCWB225,25,4
LDCWE279APK,0,0
LDCWB2275PK,0,0
ENC4137,18,0
CCBKNWE25,386,321
WCB1BS,93,81
ENC4389,64,0
CRSF100RRAPK+PHHT1PBRRRAPK,9,7
ENC4336,0,35
LDWWE2795PK,0,0
12ASIP20300,92,84
CRSF100BM+PHSH1PBRYB+LSSS300BL,114,67
CRFF140WH+PHUP1PCRCH+WCB5WH,28,13
CRSF100CH+PHCHPCRCH+LSMS320OR,195,2
CRSF100CH+PHCHPCRCH+LSMS320BD+LDCWE275,-,
24IP2072,274,249
CRSF100BM+WSCH135BM+LSDO210BG,610,0
PHSF1PWR40WH+LSBS160RE,35,77
LDWWE27183PK,249,221
CRSF100BM+PHCN1PBRBM+CNT900BM+LSSS300BM,372,194
CRSF100BS+PHPV1HERBM+LSDO210BS+ICST64E27,17,55
CRSF100BM+PHUH1HETBM+LSCY290BB+ICST64E27,350,214
LSDO300OR+RPR44WH,113,131
LSDO300WH+RPR44WH,101,48
LSDO300SN+RPR44WH,129,72
WCB3WH,187,130
WCB6WH,472,339
WCB2RR,122,0
CRFF140CO+WSNW170CO+LSRP260CO+ICST64E27,229,181
LDWWB2225APK,0,0
LDMA60B224WW2PK,26,0
WCB2BS,340,291
WCB3BS,161,145
LSSS300PI+RPR44WH,123,98
LSDO400BM+RPR44WH,186,114
CRSF100RO+WSNW170RO+WCBNRO+ICST64E27,153,148
LDCWE2773PK,0,0
LDWWE2725APK,49,43
ENC4080,93,82
LDCWB2253PK,8,1
CRFF500WH+PHCH1PWRSBU3PK+LSFT220BU3PK,0,0
LDWWB2218APK,0,0
PLWERR+PHHT1PBRRR+WCSRRR,0,0
CRSF100RR5PK+PHHT1PBRRR5PK,19,14
CRSF100PI5PK+PHHT1PBRPI5PK+ICST64E275PK,5,1
CCBC7,591,568
CRSF100GG2PK+LHLTE27GG2PK+WCGSGD2PK,0,7
ENC4335,0,22
CRFF140GL+LHNSE27YB+SCRN70BM+LSFT220YE+ICST64E27,44,563
CRFF100WO+PHMH1HERYB,0,0
CRSF100WH+PHCN1PWRWH+CNT900WH+LSCY290WH,170,145
LDWWE27153PK,96,80
LDWWE27152PK,144,120
LDWWE279,-19,0
CRSF100CH+PHCHPCRCH+LSMS320GR+LDCWE275,195,2
CRSF100BM+PHRI1PCRCH+LSHH240BM+ICST64E27,142,88
CRSF100BM+PHCH1PBRBC+WCBCBC+LDMST64E274,78,48
CRFF500WH+PHCH1PWRSWH3PK+LSFT220WH3PK,95,76
LDCWE2793PK,0,0
LDWWB2218,-4,0
LDWWE2753PK,0,0
LDWWE2755PK,0,0
ENC4094,18,0
ENC4098,0,1
ENC4096,52,39
PLWP120BS+ICST64E27,28,10
5IP2010,80,51
CCBKNWE18,381,321
CRSF100BM2PK+LHLTE27BM2PK+WCGSBM2PK,0,4
LSRP260YB2PK+RPR44WH2PK,64,24
PLHTBM+ICST64E27,59,47
12ASIP20200,143,130
ENC1115,16,3
CRFF140BY+PHUP1PBRBM+WCB5BM+ICST64E27,118,115
LDCWE2772PK,0,0
LDCWB2232PK,0,0
LDWWE27252PK,245,219
LDWWE27122PK,99,47
ENC4083,36,52
CRFF500WH+PHCH1PWRSRE3PK+LSFT220RE3PK,36,52
ENC4136,34,82
CCBC3,852,811
5IP2025,334,331
CRFF500BM+PHRB1PBR35BM3PK+LSWB135BM3PK,9,8
CRSF100GR+PHCH1PWRSGR+LSLT360GR,56,0
CRSF100BL2PK+LHLTE27BL2PK+WCGSBL2PK,0,22
ENC4436,56,0
PHSF1PWR40WH+LSBS160WH,0,92
CRFF140CO+PHUP1PBRCO+WCB5RR+ICST64E27,134,125
CRFF140WH+PHUP1PCRCH+WCB5WH+ICST64E27,28,13
PHSF1PWR40WH+LSBS160GY+ICST64E27,5,193
CRSF100RE+WSCH135RE+LSDO210RE+ICST64E27,44,113
CRSF100WH+PHCN1PWRWH+CNT900WH+LSSS300CH,150,85
CRFF100BM+WSLS155YB+WCMSBM+ICST64E27,1,0
LDCWB2273PK,0,0
CRFF500WH+PHCH1PWRSYE3PK+LSFT220YE3PK,0,57
LDWWB22185PK,0,0
LDCWE27183PK,91,47
LDCWE27185PK,54,28
LDWWE27123PK,66,31
PLTABC+ICST64E27,76,66
ENC4138,8,29
5IP20100,181,127
ENC4339,0,7
ENC4348,6,5
LDCWB223APK,0,0
LDCWB22253PK,0,0
LDWWB22123PK,0,0
LDCWE2718APK,27,14
LDCWE27182PK,137,70
PLTABM+ICST64E27,54,39
PLWP120RR+ICST64E27,45,43
CRSF100CO+PHUP1PBRCO+CNT900CO+LSCY290CO,256,223
ENC4338,0,47
CRFF140BM+WSCH135BM+LSDO210RE+ICST64E27,129,0
CRSF100GG+PHTT1PWR105GG+WCGSGD+ICST64E27,19,15
LDWWE273,0,0
PHSF1PWR40WH+LSBS160GR+ICST64E27,85,112
24IP20300,106,100
CRSF100BM+PHUH1HETBM+LSCY290BC+ICST64E27,779,214
LSCY290BS+RPR44WH,1105,1009
CRSF100RO+PHCHPBRRO+WCWDRO,167,133
12IP20720,57,0
CRSF100BM+PHSQ1PBRYB+LSFT220YE+LDMST64E274,0,563
LDCWB22153PK,103,85
CRSF140GL+LHNSE27YB+SCRN70BM+LSDO210BM,0,0
LSLT360NB2PK+RPR44WH2PK,33,31
CRFF500RR+PHSH1PBRRR3PK+WCBNRR3PK,19,18
CRFF108RO+WSST70RO+LSFT220RO+ICST64E27,80,72
CRSF100BM+WSHR135BM+LSOL180BM+ICST64E27,693,595
PLWP120BM+ICST64E27,1,1
CRSF100BM+LHHTE27BM+WCWVBM,98,84
CRSF100BM5PK+PHHT1PBRBM5PK+ICST64E275PK,1457,1263
ENC4337,0,38
WCB1WH,365,278
CRFF140GL+LHNSE27YB+SCRN70BM+LSFT220RR+ICST64E27,44,644
CRSF100BU+PHRB1PBRWH+LSWE315BU+ICST64E27,34,33
ENC4437,0,0
CRSF100BU+PHCH1PWRSBU+LSMS320BU,0,0
LDWWE2793PK,0,0
PHSF1PWR40WH+LSBS160BM,0,170
24IP2024,101,73
LSDO400NB+RPR44WH,0,0
CRSF100BM+PHPV1HERBM+LSDO210BM+ICST64E27,17,55
CRSF100BS+PLOTBS+LSFT220BS+ICST64E27,24,19
CRSF100RR+PLOTRR+LSFT220RR+ICST64E27,95,70
PLDMBC,226,185
CRSF100OR+PHCH1PWRSOR+LSFT220OR,156,119
CRSF100RO+PHCHPBRRO+WCWDRO+LDMST64E274,167,133
12IP20240,122,0
12IP20180,399,362
CRSF100BM+PHSH1PBRYB+LSSS300RE,1215,975
LDWWB2225,0,0
LSHH240BB+RPR44WH,110,100
LSDO400RE+RPR44WH,29,5
CRSF100BM+PHSQ1PBRYB+LSFT220GR,0,1306
12IP67350,208,0
CRSF100BM+PHSH1PBRYB+LSSS300RE+ICST64E2740,1215,975
PHCT1BMRBM+PHBA1BMRBM+LSLT360NB,66,62
CRFF500RR+PHSH1PBRRR3PK+LSTF40RR3PK,19,18
CRFF108RO+WSST70RO+ICST64E27,80,72
CRFF108RO+WSST70RO+LSDM220RO,80,72
CRSF100RR+PLOTRR,95,70
LDWWE27255PK,98,87
PLBXRR+PLWP120RR+LSUL220RR,45,43
ENC2181,95,76
ENC4084,0,57
LDCWB2252PK,12,2
LDWWE2712APK,19,9
PLWP120BC+ICST64E27,121,115
PLWEBM+PHHT1PBRBM+WCSRBM+ICT45E2760,25,0
ENC4368,256,223
5IP2050,179,109
5IP20300,314,301
ENC3469,9,8
CRSF100BM+PHCN1PBRBM+CNT900BM+LSCY290BM,372,194
ENC4433,6,5
CRFF140BM+WSCH135BM+LSDO210RE,129,0
LDWWE2715APK,28,24
LDWWE2733PK,0,0
CRSF100SE+WSSM40BM+LSOL180SE+LDMST64E274,-,
PLBXBC+PLWP120BC+LSUL220BC+ICST64E27,121,115
PLBXBM+PLWP120BM+LSUL220BM+ICST64E27,1,1
LDWWB225APK,0,0
LDWWB22183PK,0,0
LDCWB2255PK,5,0
LDWWB22182PK,0,0
LDCWB227,-9,0
LDCWE2795PK,0,0
LDWWE27125PK,39,18
PLTABB+ICST64E27,15,62
WCB1BB,1,28
ENC4364,149,56
PLHTBS+ICST64E27,75,75
PHSF1PWR40WH+LSBS160OR,0,180
PHSF1PWR40WH+LSBS160YE,7,181
CRSF100CH+PHCHPCRCH+LSMS320YE,195,2
PLBXBS+PLWP120BS+LSUL220BS,28,10
PLBXRR+PLWP120RR+LSUL220RR+ICST64E27,45,43
CRSF100RR+PLOTRR+WCBNRR+ICST64E2740,95,70
CRSF100BM+PLOTBM+ICST64E27,45,28
CRSF100RO+WSNW170RO+WCBNRO,153,148
LDCWE2775PK,0,0
LDWWB2212APK,0,0
PLBXBC+PLWP120BC+LSUL220BC,121,115
PLBXBM+PLWP120BM+LSUL220BM,1,1
LDCWE2752PK,0,0
LDCWE2755PK,0,0
ENC4366,372,194
CRFF500FG+PHTT1PWR105GG3PK+WCGSGD3PK,6,5
CRSF100RE2PK+LHLTE27RE2PK+WCGSRE2PK,0,38
CCBKNWE7,663,551
CCBKNWE50,-1,0
CRFF140BM2PK+WSCH135BM2PK+LSDO210RE2PK,64,0
CRSF100BM+PHUP1PBRBM+CNT900BM+LSCY290BM,372,194
WSNGBM+LSFT220GR+LDCWE277,150,149
PHSF1PWR40WH+LSBS160BM+ICST64E27,0,170
24IP20400,19,0
CRSF100BM+WSCH135BM+LSDO210BM+ICST64E27,610,0
CRSF100NB+WSCH135NB+LSDO210NB,131,126
CRSF100BM+PHUH1HETBM+LSCY290GR+ICST64E27,779,214
WSWMYE+ICT45E2760,75,59
CRSF100BM+PHUH1HETBM+LSCY290YE+ICST64E27,779,214
CRSF100BM+PHUH1HETBM+LSCY290RR,38,214
CRSF100BM+PHUH1HETBM+LSCY290BS,779,214
PLDMBM,63,55
ENC4344,54,357
LSDO300YE+RPR44WH,40,29
12IP2080,200,143
CRSF100BM+PHSQ1PBRYB+LSFT220RE,0,497
WCB814BM,0,0
ENC3550,77,68
CRSF100BM+WSLS155GB+LSCY290RR,38,269
ENC4710,47,40
WCWDCH+RPR44WH,171,146
ENC5024,12,9
CRFF108RO+WSST70RO+LSFT220RO,80,72
CRFF500RR+PHCH1PBRRR3PK+WCB5RR3PK,12,9
CRSF100BM+WSHR135BM+LSHH240BB+ICST64E27,110,100
LDMG125E2782PK,1403,1622
CRSF100BM+WSHR135BM+LSOL180RR+ICST64E27,164,99
CRSF100WH+PHRB1PWRPW+LSDW100WH+ICST64E27,85,21
CRSF100WHAPK+PHCH1PWRSWHAPK,28,23
ENC4736,103,101
ENC4763,0,0
CRFF500CH+PHTT1PCRCH3PK+WCDC10CH3PK,14,15
CRFF500WH+PHTT1PWR105RE3PK+WCGSRE3PK,26,25
LHRBE27BM,3839,4224
CRSF100WH2PK+PHCH1PWRSYE2PK+LSDO210YE2PK,0,86
CRSF100BMAPK+PHHT1PBRBMAPK,728,631
SPSD88SN,238,214
CBSF175,737,731
SPSD95SN,375,359
ENC2942,16,3
LSDO400WH,34,9
LSOL220GB,127,125
CCORNWH24,199,180
CNT900GB,394,330
SWGS3GBL,178,178
WCSNRO,200,191
LDWWE27182PK,374,332
WSWMWH+ICT45E2760,85,83
CRSF100BM+PHUH1HETBM+LSCY290BC,779,214
PLDMRR,38,32
CRFF140GL+LHNSE27YB+SCRN70BM+LSDO210RR+ICST64E27,44,262
12IP20480,288,249
LDCWE275APK,0,0
LDCWB2215,309,257
LSCY290CH+RPR44WH,248,276
CRSF2003BM+PHHT1PBRBM3PK+WCB5BM3PK+ICST64E273PK,151,135
CRSF100BB+PHCH1PBRBB+LSFT220BB+ICST64E27,37,6
LSCY210BM+RPR44WH,245,385
CRSF100BM+PHSH1PBRYB+LSDO400BI,308,241
CRSF100BL5PK+PHHT1PBRBL5PK,0,0
CRSF100WH2PK+PHCH1PWRSWH2PK+LSDO210WH2PK,121,115
CRSF100BM+WSLS155YB+LSLC180BS,174,160
LQAP3PK,50,50
CRSF100WH5PK+PHHT1PBRWH5PK+ICST64E275PK,0,0
CRSF100WH5PK+PHHT1PWRWH5PK+ICST64E275PK,3,1
ENC4767,20,7
CRFF500CH+PHSF1GYRCH3PK+WCDCCH3PK,0,0
LHRBE27WH,1087,1000
LHSHE27BY,350,438
LHSHE27FG,197,263
CRSF100FGAPK+PHHT1PBRFGAPK,31,1
LHCCE27GR,168,219
LDCWB2225,0,0
LDCWB2225APK,0,0
LDCWE2753PK,0,0
LDCWE2718,274,141
LDCWE279,-1,0
CRSF100PI5PK+PHHT1PBRPI5PK,5,1
CRSF100CO+PHCN1PBRCO+CNT900CO+LSCY290CO,262,223
WCB1BC,183,163
24IP20180,114,95
24IP20240,80,29
CRSF100BU+PHCH1PWRSBU+LSLT360BU,0,0
CRFF140CO+PHUP1PBRCO+WCB5RR,134,125
CRFF140BC+PHUP1PBRYB+WCB5BC+ICST64E27,28,27
PHSF1PWR40WH+LSBS160RE+ICST64E27,35,77
PHSF1PWR40WH+LSBS160GR,85,112
CRSF100CH+PHCHPCRCH+LSMS320GY+LDCWE275,195,2
CRSF100YE+WSCH135YE+LSDO210YE+ICST64E27,30,89
CRSF100BS+PLOTBS+LSFT220BS,24,19
CRSF100RR+PHPV1HERBM+LSDO210RR,17,55
CRSF100BM+PHUH1HETBM+LSCY290BB,350,214
CRSF100HBM+WSLS155BM+PSDS4BPB+WCDTBM,0,357
ENC4346,1,0
CRSF100OR+PHCH1PWRSOR+LSFT220OR+ICST64E27,156,119
WCB2WH,681,500
CRSF100BM+PHSQ1PBRYB+LSFT220WH+LDMST64E274,0,773
LDMA60E278WW2PK,338,768
CRSF2003CO+PHHT1PBRRO3PK+WCB5RR3PK+ICST64E273PK,9,41
LSDO210RR+RPR44WH,141,262
CRSF125BM+TPWDWO+PHDC1PBRBX,0,0
PHCT1BMRBM+PHBA1BMRBM+LSLT360BU,47,40
LSLT360BU3PK+RPR44WH3PK,15,13
CRSF100WH+PHCH1PWRSBD+LSDO210BD,-,
CRSF100BM+PHRI1PCRCH+LSHH240BM,142,88
LDWWE27253PK,163,146
LDCWB2235PK,0,0
LDCWB22255PK,0,0
LDWWE275APK,0,0
PLWEBM+PHHT1PBRBM+WCSRBM,25,0
CRFF140YB+WSNW170YB+LSRP260YB+ICST64E27,128,49
WCB1RR,35,12
24IP20120,142,82
CRSF100BM+PHCH1PBRBC+WCBCBC,78,48
CRSF100SN+PHRI1PCRSN+LSHH240BS+ICST64E27,188,171
CRSF100RR+PLOTRR+ICST64E2760,95,70
CRSF100RR+PHRI1PBRCO+LSHH240RR+ICST64E27,28,17
LDCWE2712APK,0,0
LDWWB2253PK,0,0
LDCWB22252PK,0,0
LDCWB225APK,2,0
PLTABS+ICST64E27,60,57
ENC4361,372,194
WCB1BM,716,393
CRSF100WH+PHUP1PWRWH+CNT900WH+LSCY290WH,215,358
ENC4370,176,62
LDWWE2715,288,240
PHSF1PWR40WH+LSBS160BL,33,77
CRSF100CH+PHCHPCRCH+LSMS320OR+LDCWE2715,195,2
CRSF100BM+WSCH135BM+LSDO210BI+ICST64E27,610,0
CRSF100CO+PHCN1PBRCO+CNT900CO+LSSS300CO,262,223
CRSF100BM+PLOTBM+LSFT220BM+ICST64E27,45,28
CRSF100HBM+WSLS155BM+PSDS4BPB+WCBNBM,54,357
WCB3BM,678,633
LDCWB2215APK,30,25
LDWWB22252PK,0,0
CRSF100BB+PHCH1PBRBB+LSFT220BB,37,6
LSSS300BM+RPR44WH,842,869
WCB7WH,799,576
CRSF100BM+WSHR135BM+LSDM220CH,109,80
LDMG95E278,3995,4959
CRSF100WHAPK+PHHT1PBRWHAPK+ICST64E27APK,0,0
ENC4688,0,44
ENC4742,65,63
ENC4765,44,39
ENC5025,11,4
CRFF500WH+PHUM1PCRCH3PK+WCCLWH3PK,0,0
LHPHE27CO,100,91
LHSHE27CH,75,621
CRSF100FGAPK+PHHT1PBRFGAPK+ICST64E27APK,31,1
CRSF100BM+WSHR135BM+LSFT220BB,353,367
CRSF100BM5PK+PHHT1PBRBM5PK,1457,1263
CRSF100FG5PK+PHHT1PBRFG5PK,62,3
ENC1836,20,508
CBSF155,489,485
CRSF2003CO,160,242
LSLC180BS2PK+RPR44WH2PK,87,80
CRSF100BM+WSHR135BM+LSFT220BI,693,595
CRSF100BM+WSHR135BM+LSFT220GI,0,0
CRSF100BM+WSHR135BM+LSFT220SN+ICST64E27,154,227
PHUH1HETBM+LSCY290BU,0,88
CRSF100GG+PHTT1PWR105GG+WCGSGD,19,15
CRSF100GB+PHUP1PBRGB+CNT900GB+LSCY290GB,176,62
ENC4362,262,223
PHSF1PWR40WH+LSBS160BD,200,
PHSF1PWR40WH+LSBS160WH+ICST64E27,0,92
WCB7BB,26,14
WSNGBM+LSFT220GR,150,149
CRFF140GB+PHUP1PBRGB+WCB5BB+ICST64E27,127,62
CRFF140BC+PHUP1PBRYB+WCB5BC,28,27
CRSF100CH+PHCHPCRCH+LSMS320WH+LDCWE275,195,2
CRSF100CH+PHCHPCRCH+LSMS320BT+LDCWE275,195,2
CRSF100GR+WSCH135GR+LSDO210GR,8,3
CRSF100OR+WSCH135OR+LSDO210OR,129,106
ENC4357,150,85
CRSF100BM+PHPV1HERBM+LSDO210BM,17,55
CRSF100BM+PHUH1HETBM+LSCY290BT,0,0
LDMA60B224CW2PK,4,0
LSWD360BM+RPR44WH,346,456
LSDO400BT+RPR44WH,23,25
12IP2012,185,158
PLWEBC+PHHT1PBRBC+WCSRBC+ICT45E2760,10,17
LHSHE27RO,244,341
ENC5022,19,18
CRFF108RO+WSST70RO+LSDM220RO+ICST64E27,80,72
CRSF100BM+WSHR135BM+LSHH240BS,188,171
CRSF100BM+WSHR135BM+LSHH240BB,110,100
CRSF100RO+WSST70RO,80,72
CRFF500RR+PHOP1PBRRR3PK+LSDO210RR3PK,37,37
LDCWB223,0,0
CRSF100BM+WSHR135BM+LSDM220CO,302,198
LDCWB2233PK,0,0
CRSF100BM+WSHR135BM+LSDM220CO+ICST64E27,302,198
LDCWE275,0,0
CRSF100CH+PHHT1PBRCH+ICST64E27,164,149
CRFF500WH+PHCH1PWRSPI3PK+LSFT220PI3PK,0,1
ENC4095,63,79
CCBKNWE36,235,162
ENC4363,170,145
CRSF100YB+PHCN1PBRYB+CNT900YB+LSCY290YB,149,56
CRFF100WO+PHMH1HERCO+ICST64E27,0,0
ENC4326,38,4
LDWWE2732PK,0,0
LDWWE279APK,0,0
24IP20360,252,162
ENC1117,0,180
ENC4356,262,223
CRSF100BC+PHPV1HERBM+LSDO210BC,17,55
CRFF140GB+PHUP1PBRGB+WCB5BB,127,62
CRSF100CH+PHCHPCRCH+LSMS320BD,-,
CRSF100OR+WSCH135OR+LSDO210OR+ICST64E27,129,106
CRSF100BM+WSCH135BM+LSDO210BI,610,0
ENC4354,372,194
CRSF100BC+PLOTBC+LSFT220BC,152,135
CRSF100BM+PLOTBM+LSFT220BM,45,28
CRSF100BS+PHPV1HERBM+LSDO210BS,17,55
12IP20150,225,177
LDWWB22255PK,0,0
LDWWB22253PK,0,0
LSWD360RR+RPR44WH,0,2
LSLC180BM+RPR44WH,127,92
LSOL180BB+RPR44WH,122,78
LSDO400GY+RPR44WH,59,45
CRFF500WH+PHHT1PCRCH3PK+LSFT220CH3PK,44,39
CNP1000YB,450,390
CRFF108RO+WSST70RO+LSOL220RO,80,72
LDMG95E2743PK,1288,2601
ENC4534,23,35
ENC4734,154,152
ENC4737,103,101
ENC4739,77,72
ENC4907,75,43
ENC5028,19,18
CRFF500BM+PHSH1PBRYB3PK+WCFRHE3PK,20,18
CRSF100BM+PLOTBM,45,28
LDWWE2725,490,439
LDWWB2255PK,0,0
CRFF500WH+PHCH1PWRSOR3PK+LSFT220OR3PK,52,39
LDCWB227APK,0,0
LDWWB2252PK,0,0
LDWWE2712,198,94
LDWWE2752PK,1,1
ENC4082,0,1
CCBKNWE12,520,220
CRSF100YE2PK+LHLTE27YE2PK+WCGSYE2PK,0,47
PLWERR+PHHT1PBRRR+WCSRRR+ICT45E2760,0,0
ENC3515,55,0
CRSF100GR2PK+LHLTE27GR2PK+WCGSGR2PK,0,35
PHSF1PWR40WH+LSBS160BL+ICST64E27,33,77
LDWWE27155PK,57,48
LDWWE2735PK,0,0
PLHTBC+ICST64E27,48,39
PLHTRR+ICST64E27,89,80
PHSF1PWR40WH+LSBS160YE+ICST64E27,7,181
CRSF100YE+WSCH135YE+LSDO210YE,30,89
ENC4355,372,194
CRSF100BB+PLOTBB+LSFT220BB+ICST64E27,37,6
CRSF100BC+PHPV1HERBM+LSDO210BC+ICST64E27,17,55
CRSF100BM+PHPV1HERBM+LSDO210BI,17,55
CRSF100BM+PHUH1HETBM+LSCY290YE,779,214
ENC4345,0,357
LSDO300YB+RPR44WH,134,68
CRFF140GL+LHNSE27YB+SCRN70BM+LSDO210BM+ICST64E27,44,871
WCB3RR,146,141
WCB4WH,504,471
CCBC9,597,564
24IP20200,130,121
PHSF1PWR40WH+LSBS160GY,5,193
CRSF100CH+PHCHPCRCH+LSMS320WH,195,2
CRSF100BM+WSCH135BM+LSDO210BM,610,0
ENC4358,59,5
CRSF100RR+PLOTRR+LSFT220RR,95,70
CRSF100BM+PHUH1HETBM+LSCY290RR+ICST64E27,38,214
CRSF100HBM+WSLS155BM+PSDS4BPB+WCMSBM,1,0
CRSF100BL2PK+WSCH135BT2PK+LSDO210BL2PK,13,15
12IP2015,126,106
CRSF100BM+WSHR135BM+LSFT220OR,628,500
LDWWE2718APK,74,66
LSSS300GR+RPR44WH,737,466
12IP20400,34,1
CRSF100BM+WSHR135BM+LSDM220FG,94,177
CRSF100BM+WSHR135BM+LSDM220SN+ICST64E27,315,234
ENC4187,51,124
CRSF100BL+PHHT1PBRBL+ICST64E27,0,0
LHSPE27RO,72,72
LSCP150BA,239,158
ENC4743,65,63
ENC4768,2,7
ICMUSHE2760,-79,0
CRFF500BM+PHTT1PBRBM3PK+WCRTBR3PK,65,63
CRFF500RR+PHSH1PBRRR3PK+LSLC180RR3PK,19,18
LHRTE27BM,3888,3833
LSCY290GR+RPR44WH,1534,619
WCB7BC,427,359
CRSF100CH+PHCHPCRCH+LSMS320GY,195,2
24IP20480,0,0
CRSF100RE+WSCH135RE+LSDO210RE,44,113
CRSF100BM+PHUH1HETBM+LSCY290BT+ICST64E27,0,0
WCB6RR,148,124
12IP2024,221,157
CRSF100BM+PHSQ1PBRYB+LSFT220WH,0,773
LDMA60E274WW2PK,144,1562
LSLC180RR+RPR44WH,178,169
LSSS300BB+RPR44WH,3,17
LSDO400YE+RPR44WH,121,85
CRSF100BM+PHSQ1PBRYB+LSFT220OR,0,500
CRSF100BM+PHSH1PBRYB+LSDO400BI+ICST64E27,308,241
ENC5027,19,18
LDMG95E2783PK,1331,1653
CRSF100BS+PHCH1PBRBS+LSLC180BS+ICST64E27,61,21
CRSF100BS+PHCH1PBRBS+LSTF40BS,61,21
LHSPE27SN,54,51
LSCY290BU3PK+RPR44WH3PK,0,29
CRSF100WH+PHHT1PBRWH+ICST64E27,0,0
CRSF100WH6PK+PHCH1PWRSWH6PK,47,38
CRSF100ROAPK+PHHT1PBRROAPK+ICST64E27APK,2,32
CRSF100BCAPK+PHHT1PBRBCAPK,18,27
CRSF100ROAPK+PHHT1PBRROAPK,2,32
PHUP1PBRGB,565,62
CRSF2003WH+PHTT1PWR105RE3PK+WCGSRE3PK,26,25
ENC5021,19,18
CRSF100BM+WSHR135BM+LSDM220YB+ICST64E27,325,172
CRSF100WH2PK+PHCH1PWRSBD2PK+LSDO210BD2PK,-,
CRSF100WH2PK+PHCH1PWRSGR2PK+LSDO210GR2PK,28,0
CRSF100CH+PHHT1PBRCH,164,149
LHSQE27BY,65,65
CRSF100RO+PHSH1PBRRO+WCLCRO+LDMT185E274,27,158
CRSF100WH6PK+PHCH1PWRSWH6PK+ICST64E276PK,47,38
CRSF100WHAPK+PHCH1PWRSWHAPK+ICST64E27APK,28,23
CRSF100BC5PK+PHHT1PBRBC5PK,36,55
PHUH1HETBM,779,214
LHBBE27BN,149,148
LHBRE14BM,611,1518
PHSF2BMTBY,227,203
SOV101GTD,162,161
CRFF100FG,175,138
CRSF100BL6PK+PHCH1PWRSBL6PK,34,30
CRSF100BL6PK+PHCH1PWRSBL6PK+ICST64E276PK,34,30
CRSF100BM+PHAH2RBMBM+ICST64E27,53,39
CRSF100BM+WSHR135BM+LSFT220BL,551,595
CRSF100CH+PHCHPCRCH+LSMS320GR,195,2
CRSF100BL+WSCH135BT+LSDO210BL+ICST64E27,26,31
CRSF100GR+WSCH135GR+LSDO210GR+ICST64E27,8,3
CRSF100BL+WSCH135BT+LSDO210BL,26,31
CRSF100BM+WSCH135BM+LSDO210BG+ICST64E27,610,0
CRSF100BM+PHCN1PBRBM+CNT900BM+LSSS300BI,372,194
WSWMBM+ICT45E2760,0,0
LDWWE2718,748,665
LDWWE27185PK,149,133
IMCW,10270,0
LSSS300CH+RPR44WH,150,85
LSSS300YE+RPR44WH,269,211
CRFF500RR+PHSH1PBRRR3PK+LSCY210RR3PK,19,18
CRSF100BM+WSHR135BM+LSOL180BS,171,128
CRSF100WH2PK+PHCH1PWRSRE2PK+LSDO210RE2PK,54,79
LDMG95E2785PK,799,991
LSDL100BM,0,0
CRSF100RR+PHHT1PBRRR+ICST64E27,95,70
CRSF100WH+PHUM1PCRCH+WCCLWH,0,0
ENC4628,57,48
ENC4754,14,15
ENC4755,19,18
CRFF500RO+PHSH1PBRRO3PK+WCLCRO3PK,9,52
LDCWE2792PK,0,0
ENC4103,18,0
LDCWB22152PK,154,128
CRFF500WH+PHCH1PWRSGY3PK+LSFT220GY3PK,93,82
ENC4101,68,60
LDCWE27122PK,0,0
LDWWE275,2,2
PLTARR+ICST64E27,56,56
5IP20200,276,243
5IP20150,365,361
24IP2048,95,45
ENC4367,215,358
CRSF2003FG+PHTT1PWR105GG3PK+WCGSGD3PK,6,5
LDWWE273APK,0,0
LDWWE2792PK,0,0
CRSF100CH+PHCHPCRCH+LSMS320RE,195,2
CRSF100WH+WSCH135WH+LSDO210WH,91,60
CRSF100NB+WSCH135NB+LSDO210NB+ICST64E27,131,126
12IP20360,76,0
CRFF108RO+WSNW170RO+LSDM220RO+ICST64E27,195,163
CRSF100BM+WSHR135BM+LSFT220OR+ICST64E27,628,500
CRSF100BM+PHSQ1PBRYB+LSFT220RE+LDMST64E274,0,497
IMRGCPK,899,79
IMBL,1506,296
CRSF2003CO+PHHT1PBRRO3PK+WCB5RR3PK,9,41
CRSF2003BM+PHHT1PBRBM3PK+WCB5BM3PK,151,135
LSSS300GY+RPR44WH,190,237
CRSF100BM+PHSH1PBRYB+LSDO400NB,0,0
ENC637,26,25
CRSF100BM+WSHR135BM+LSHH240BS+ICST64E27,188,171
CNT900YB,420,340
CRSF100BM+WSHR135BM+LSDM220CH+ICST64E27,109,80
CRSF100BM+WSHR135BM+LSDM220GB+ICST64E27,138,0
CRSF100BM+WSHR135BM+LSDM220YB,325,172
LDMG125E2785PK,561,649
CRSF100BB+PHCH1PBRBB+LSTF40BB+ICST64E27,37,6
ENC4646,9,52
ENC4689,0,44
ENC4741,61,60
HKR10CO,1329,1323
CRFF500BB+PHCH1PBRBB3PK+LSTF40BB3PK,23,35
CRFF500RR+PHCH1PBRRR3PK+WCB1RR3PK,11,4
LSDO300BU+RPR44WH,113,108
PSOS2HETBM+WCWVBM+ICST64E27,48,23
CRSF100BM+LHHTE27BM+WCWVBM+ICST64E27,98,84
LHLEE27BM,0,0
CCBKNWE48,260,64
CRSF2003YB+LHTKE27YB3PK+ICST64E273PK,11,10
CRSF100BM+PHAH2RCOBR+ICST64E27,0,0
CRSF100BM+WSHR135BM+LSFT220BG+ICST64E27,693,595
CRSF100BM+WSHR135BM+LSFT220GR,693,595
CRSF100BM+WSHR135BM+LSFT220GY,693,595
CRSF100BM+WSHR135BM+LSFT220NB,259,182
ENC4647,9,52
ENC5019,37,37
ENC5020,19,18
ENC5023,12,9
IMRGFPK,179,15
LDMG95E274APK,386,780
LSDO300BI+RPR44WH,128,109
LDMG95E274,3864,7804
LSUL220BB,245,179
PSDS2BMRGD,188,429
CBSF295,607,595
SWAG2GAD,41,100
SOGS2GGK,0,0
LHDHE27SN,0,0
CRSF2003CH+PHSF1GYRCH3PK+WCDCCH3PK,0,0
CRSF2003CH+PHTT1PCRCH3PK+WCDC10CH3PK,14,15
ENC2526,20,18
ENC2527,20,18
LSLT360RR3PK+RPR44WH3PK,16,14
12UK3P8A,288,158
CRFF140GB,317,255
CRSF100BLAPK+PHCH1PWRSBLAPK,20,18
CRSF100BM+WSHR135BM+LSFT220BS+ICST64E27,349,322
CRSF100BM+WSHR135BM+LSFT220BU+ICST64E27,151,85
CRSF100BM+WSHR135BM+LSFT220GR+ICST64E27,693,595
CRSF100BM+WSHR135BM+LSOL180BG+ICST64E27,410,595
CRSF100BM+WSHR135BM+LSDM220FG+ICST64E27,94,177
LDMG95E2745PK,772,1560
LHTBE27RO,5,38
LLRO10W,369,347
LSCY210BM,245,385
LDMG95E2746PK,644,1300
CRSF100CHAPK+PHHT1PBRCHAPK,16,14
PSOS2HETBM+WCDCBM+ICST64E27,48,23
CRSF100RR5PK+PHHT1PBRRR5PK+ICST64E275PK,19,14
PHSF2AGRGB,186,226
WSWMYE,75,59
LHBBE27SN,205,200
5IP2028,345,285
CRSF2003SN,235,188
LSDO400BI+RPR44WH,308,241
LSDO400BL+RPR44WH,-,
CRFF140CH,14,0
WCDCBC,568,530
CRSF100BLAPK+PHHT1PBRBLAPK,0,0
CRSF100BM+PHAH2RCOBR,0,0
CRSF100BM+WSHR135BM+LSFT220SN,154,227
CRSF100BC+PLOTBC+LSFT220BC+ICST64E27,152,135
CRFF140GL+LHNSE27YB+SCRN70BM+LSDO210BC,44,728
CRSF100BM+PHPV1HERBM+LSDO210BI+ICST64E27,17,55
CRFF140CO+WSNW170CO+LSRP260CO,229,181
12IP20600,49,32
12IP2040,179,0
12IP2030,90,30
LDCWB22155PK,61,51
IMGRFPK,108,52
LSSS300OR+RPR44WH,578,536
LSDO210BC+RPR44WH,120,728
ENC4157,7,3
ENC4597,74,6
LSLT360BU+RPR44WH,47,40
CRFF108RO+WSNW170RO+LSOL220RO+ICST64E27,174,163
LDMA60B228CW2PK,1,1
ENC4188,28,0
ENC4192,54,79
LLRO24W,61,0
CRSF100RO+PHHT1PBRRO+ICST64E27,28,329
CRSF100WH+PHHT1PBRWH,0,0
ENC4738,77,72
CRSF100WH2PK+PHCH1PWRSBL2PK+LSDO210BL2PK,13,43
LHBBE27RO,321,319
WCBCRR,155,150
24IP6720,148,121
CRSF2003CH+PHRI1PCRCH3PK+WCWDCH3PK,57,48
LDMG95E2742PK,1932,3902
ENC4533,20,3
ENC4189,121,115
CRSF100BM+WSHR135BM+LSDM220GB,138,0
CRSF100FG+PHHT1PBRFG,312,18
CRSF100WHAPK+PHHT1PBRWHAPK,0,0
ENC4735,154,152
ENC4740,61,60
ENC4766,44,39
ENC4908,29,57
ENC5029,0,2
CRFF500RR+PHSH1PBRRR3PK+LSOL180RR3PK,19,18
CRFF500RR+PHSH1PBRRR3PK+WCVCRR3PK,0,2
LHSPE27CH,19,19
CRFF108RO+WSST70RO,80,72
CRSF100BC5PK+PHHT1PBRBC5PK+ICST64E275PK,36,55
LDMG125E2783PK,935,1081
LDSG125LOE274,2246,2720
CRSF2003FG,143,125
LSLC180BS3PK+RPR44WH3PK,58,53
12RPIP45100,75,14
CL3RPE,619,613
CL3TSI,363,352
CNP1000RO,334,323
SWGS2GGD,56,32
CRSF100CHAPK+PHHT1PBRCHAPK+ICST64E27APK,16,14
CRSF100PIAPK+PHHT1PBRPIAPK,2,0
CRSF100CH5PK+PHHT1PBRCH5PK,32,29
CRSF100CH5PK+PHHT1PBRCH5PK+ICST64E275PK,32,29
CRSF100RO5PK+PHHT1PBRRO5PK,5,65
LDMG125E2786PK,467,540
LDST185E274,1353,2184
12IP2036,134,0
CL3TMU,94,91
CRFF140+WSNW170+WCDC-Wall light,-,
WCDTRE,154,202
WCRTBR+RPR44WH,195,190
WSAT105CO,182,134
CRSF100BL2PK+PHHT1PBRBL2PK+ICST64E272PK,0,0
CRSF100BLAPK+PHHT1PBRBLAPK+ICST64E27APK,0,0
CRSF100BM+WSHR135BM+LSHH240BM,142,88
CRSF100BM+WSHR135BM+LSOL180BC,234,404
CRSF100CH+LHNSE27CH+LSRP260CH+ICST64E27,244,239
PHNW2RBS,54,47
ENC4270,26,25
CRSF100RE+LHLTE27RE+WCGSRE,0,76
LDMST64E2765PK,0,562
CCBC36,218,157
CCBC24,344,325
CRSF100BS+PHCH1PBRBS+LSFT220BS+ICST64E27,61,21
LSLT360NB+RPR44WH,66,62
ENC4185,11,5
CRSF100BB+PHCH1PBRBB+LSTF40BB,37,6
CRSF100BM+WSLS155YB+LSLC180BS+ICST64E27,174,160
CRSF100BS+PHCH1PBRBS+LSLC180BS,61,21
CRSF100FG+PHHT1PBRFG+ICST64E27,312,18
ENC5031,353,367
CRFF500RR+PHSH1PBRRR3PK+LSUL220RR3PK,19,18
ENC1356,0,0
LSDO210WH+RPR44WH,242,497
CRSF100BCAPK+PHHT1PBRBCAPK+ICST64E27APK,18,27
CRSF100FG5PK+PHHT1PBRFG5PK+ICST64E275PK,62,3
LDMG125E278APK,280,324
DCFR,909,909
CRSF100BM+WSHR135BM+LSHH240RR,28,17
CNT900WH,498,467
CRSF100BM+PHAH2RCHBW+ICST64E27,220,205
CRSF100BM+WSHR135BM+LSFT220BG,693,595
CRSF100BM+WSHR135BM+LSFT220BM,693,595
CRSF100BM+WSHR135BM+LSFT220BM+ICST64E27,693,595
CRSF100RO5PK+PHHT1PBRRO5PK+ICST64E275PK,5,65
WSWMWH,85,83
SWGS1GGD,0,0
LSFT220BB,353,367
CRSF2003SN+LHTKE27SN3PK+ICST64E273PK,45,40
CL3TLP,198,158
CL3TRH,97,93
CRFF140CH+WSNW170CH+WCDCCH+ICST64E27,0,0
SWRS2GBM,2,2
CRSF100BL2PK+PHCH1PWRSBL2PK,102,91
CRSF100BM+PHSH1PBRYB+WCFRHE,61,55
CRSF100BM+PHTT1PBRBM+WCRTBR,195,190
CRSF100BM+WSHR135BM+LSFT220BC+ICST64E27,693,595
CRSF100BM+WSHR135BM+LSFT220PI,90,58
CRSF100BM+WSHR135BM+LSFT220RE,635,497
CRSF100BM+WSHR135BM+LSHH240RR+ICST64E27,28,17
LSSS300NB+RPR44WH,160,128
PHHR1YETYE,193,193
PHSF1AGTGB,291,665
CRSF100GY5PK+PHHT1PBRGY5PK+ICST64E275PK,0,6
ENC3549,77,68
ENC4709,66,62
LSLT360BU2PK+RPR44WH2PK,23,20
CRFF500WH+PHCH1PWRSWH3PK+LSSS300BU3PK,0,0
LSLT360NB3PK+RPR44WH3PK,22,20
IMBLFPK,15,2
LDMG95E2786PK,665,826
CRSF100BM+WSHR135BM+LSDM220SN,315,234
LDMG95E2782PK,1997,2479
CRSF100BS+PHCH1PBRBS+LSTF40BS+ICST64E27,61,21
LSCY290BU2PK+RPR44WH2PK,0,44
CRSF100WH+PHRB1PWRPW+LSDW100WH,85,21
ICG80E2760,0,0
CRFF500CH+PHHT1PCRCH3PK+LSOL220CH3PK,44,39
LHNHE27YB,51,49
LHSHE27CO,750,817
CRSF100FG2PK+PHHT1PBRFG2PK,156,9
CRSF2003CH+PHHT1PCRCH3PK+LSOL220CH3PK,44,39
24IP6745,357,345
CRSF2003WH+PHRB1PWRPW3PK+LSBS160BU3PK,16,3
CNT900FG,222,212
CRSF100BU+PHRB1PBRWH+LSWE315BU,34,33
CRFF140BY+PHUP1PBRBM+WCB5BM,118,115
CRSF100CH+PHCHPCRCH+LSMS320YE+LDCWE275,195,2
CRSF100CH+PHCHPCRCH+LSMS320RE+LDCWE2715,195,2
CRSF100WH+WSCH135WH+LSDO210WH+ICST64E27,91,60
CRSF100YB+PHCN1PBRYB+CNT900YB+LSSS300YB,59,5
CRSF100BB+PLOTBB+LSFT220BB,37,6
CRSF100RR+PHPV1HERBM+LSDO210RR+ICST64E27,17,55
CRSF100BM+PHUH1HETBM+LSCY290BS+ICST64E27,779,214
CRFF140GL+LHNSE27YB+SCRN70BM+LSDO210BS+ICST64E27,44,344
ENC4198,13,15
12IP2060,180,107
CRSF100BM+PHSQ1PBRYB+LSFT220YE,0,563
CRSF100BM+PHSH1PBRYB+LSSS300YE,269,211
CRSF100BM+PHSH1PBRYB+LSSS300PI+ICST64E2740,123,98
12IP20200,209,192
CRFF500WH+PHCH1PWRSBD3PK+LSDO210BD3PK,-,
CRFF108RO+WSST70RO+LSOL220RO+ICST64E27,80,72
CRSF100BM+WSHR135BM+LSOL180BS+ICST64E27,171,128
CRSF100RO+PHSH1PBRRO+WCLCRO,27,158
CRSF100WH+PHTT1PWR105WH+WCGSRE,108,106
CRSF100WH+PHTT1PWR105WH+WCGSRE+ICST64E27,108,106
CRSF100WH+PHUM1PCRCH+WCCLWH+ICST64E27,0,0
CRSF100WH5PK+PHHT1PBRWH5PK,0,0
ENC4753,14,15
CRFF500CH+PHHT1PCRCH3PK+WCWDCH3PK,44,39
LDSSTRE2743PK,8,326
WSWMBM,0,0
LDMG125E278,2807,3245
PHAH2RBMBM,53,39
PHHR1BMTBM+ICST64E27,251,249
PHHR1BRTBR,300,297
CRSF2003BS+PHCH1PBRBS3PK+LSTF40BS3PK,20,7
LDMST64E2786PK,759,479
CRSF100WH2PK+PHCH1PWRSOR2PK+LSDO210OR2PK,78,59
LDWWB229,0,0
CRSF100BM+LHHTE27BM+WCBNBM,113,206
LDWWB2293PK,0,0
CRSF100YB+WSNW170YB+SCRN70YB+LSFT220YB+ICST64E27,195,415
CRSF100WH+LHNSE27WH+LSMS320GY,158,80
CRSF100WH+LHNSE27WH+LSMS320WH+ICST64E27,158,80
CRSF100BM+WSHR135BM+LSFT220CH,253,129
CRSF100BM+WSHR135BM+LSFT220RO+ICST64E27,170,246
CRSF100BM+WSHR135BM+LSFT220YE,428,563
CRSF100BM+WSLS155BM+WCB5BM,455,407
PHUH2HETBM+LSCY290BU,0,0
PHAH2RYBGD,142,99
PHCN1PBRYB,149,56
CRSF108CH+LHNSE27CH+WCDC10CH+ICST64E27,42,46
LDMST64E2785PK,911,574
LDCWE27153PK,30,0
CRSF100SN+WSNW170SN+SCRN70SN+LSFT220SN+ICST64E27,154,108
CRSF100WH+LHNSE27WH+LSMS320BI+ICST64E27,158,80
LHDHE27CO,152,186
CRSF100BLAPK+PHCH1PWRSBLAPK+ICST64E27APK,20,18
CRSF100BM+WSHR135BM+LSFT220CH+ICST64E27,253,129
CRSF100BM+WSHR135BM+LSFT220GY+ICST64E27,693,595
CRSF100BM+WSHR135BM+LSHH240BM+ICST64E27,142,88
CRSF100BM+WSHR135BM+LSOL180BC+ICST64E27,234,404
PHAH2RCHBW,220,205
PHPV1HERBM,17,55
PHSF1GYTCH+LSRP260CH,196,161
PHUH2HETBM+LSCY290BU+ICST64E27,0,0
CRSF100BM+WSHR135BM+LSUL220RR,146,259
CRSF100FG+WSNW170FG+SCRN70FG+LSFT220FG+ICST64E27,5,0
CRSF100WH+LHNSE27WH+LSMS320YE,158,80
CRSF100WH+WSLS155WH+WCB5WH,28,13
CRSF108CH+LHNSE27CH+WCDC10CH,42,46
CRSF100FG2PK+PHHT1PBRFG2PK+ICST64E272PK,156,9
CRFF108RO+WSNW170RO+LSDM220RO,195,163
CRFF108RO+WSNW170RO+LSOL220RO,174,163
ENC4191,78,59
PSOS2HETBM+WCDCBM,48,23
LDSHEAE274,812,1445
CL3RIV,444,437
WSFTWH,273,269
CRSF100BM+PHAH2RBMBM,53,39
CRSF100BM+PHAH2RCHBW,220,205
CRSF100BM+WSHR135BM+LSFT220PI+ICST64E27,90,58
CRSF100BM+WSHR135BM+LSOL180BB,122,78
CRSF100BM+WSHR135BM+LSOL180BB+ICST64E27,122,78
PHSF1GYTCH+LSRP260CH+ICST64E27,196,161
CRSF100GY5PK+PHHT1PBRGY5PK,0,6
CRSF100GYAPK+PHHT1PBRGYAPK,0,3
LDWWB22155PK,8,5
CRSF100BM+WSHR135BM+LSUL220BS+ICST64E27,369,343
CRSF100SN+WSNW170SN+SCRN70SN+LSFT220SN,154,108
CRSF100WH+LHNSE27WH+LSMS320OR+ICST64E27,158,80
CRSF100BM+WSLS155GB+WCB5BM,369,318
CRSF100BM+WSHR135BM+LSFT220RE+ICST64E27,635,497
CRSF100GY2PK+PHHT1PBRGY2PK,0,16
CRSF100GY2PK+PHHT1PBRGY2PK+ICST64E272PK,0,16
CRSF100RE+LHLTE27RE+WCGSRE+ICST64E27,0,76
LDMST64E2782PK,2278,1437
LDMST64E278APK,455,287
CRSF100BM+WSHR135BM+LSOL180RR,164,99
LDWWB2292PK,0,0
CRSF100FG+WSNW170FG+SCRN70FG+LSFT220FG,5,0
CRSF100WH+LHNSE27WH+LSMS320RE,158,80
CRSF100CO+WSLS155CO+WCB5RR+ICST64E27,116,60
CNT900CO,262,223
CNT900RO,590,589
WCGSRE,108,106
WSLS155CH,268,225
CRSF100BM+LHHTE27BM+WCLNBM+ICST64E27,113,206
CRSF100BM+WSHR135BM+LSFT220NB+ICST64E27,259,182
CRSF100CH+LHNSE27CH+LSRP260CH,244,239
CRSF100BM+PHSH1PBRYB+LSSS300OR+ICST64E27,578,536
PHSF1GDTYB2PK+LSRP260YB2PK+ICST64E272PK,64,24
CRSF108YB+WSSR40YB,0,0
PLHLBC,90,173
CRSF120BM+PHSH2PBRBM+SPUPBM+LSTF40BM,309,304
LDMST64E276,2,2812
PHUH0.5HETBM+LSCY290BU,0,42
LDWWB227,-6,0
CRSF100BM+WSNW170BM+SCRN70BM+LSFT220BG,128,0
CRSF100WH+LHNSE27WH+LSMS320GY+ICST64E27,158,80
CRSF100WH+LHNSE27WH+LSMS320OR,158,80
CRSF100WH+WSLS155WH+WCB5WH+LDCWE273,28,13
CRSF100BS+PHSH1PBRBS+WCBNBS,114,85
CRSF100BM+WSLS155GB+WCB5BM+ICST64E27,369,318
LSCY290BC+RPR44WH,876,1962
CRSF100BM+WSHR135BM+LSFT220BS,349,322
CRSF100BM+WSHR135BM+LSFT220BU,151,85
CRSF100BM+WSHR135BM+LSFT220CO+ICST64E27,693,591
CRSF100BM+WSHR135BM+LSFT220GS+ICST64E27,179,517
CRSF108RO,27,10
PLHCBC,26,38
CRSF100GYAPK+PHHT1PBRGYAPK+ICST64E27APK,0,3
LDCWE2715,91,0
LDCWE27152PK,45,0
CRSF100BM+WSHR135BM+LSUL220BC+ICST64E27,521,595
CRSF100RO+WSNW170RO+SCRN70RO+LSFT220RO,170,163
LSCY290NB+RPR44WH,1234,1147
CRSF100BM+WSHR135BM+LSFT220YB+ICST64E27,594,415
PHAH2RCOBR,0,0
PHCD1PBR3WH,119,119
PHCN1PBRBM,919,906
ENC4229,0,0
CRSF120CH2PK+LHNSE27CH2PK+LSRP260CH2PK,122,119
LDMST64E276APK,0,281
ENC4186,13,43
LDWWB2295PK,0,0
CRSF100BM+WSLS155YB+SCRN70BM+LSLC180BS,174,160
CRSF100WH+LHNSE27WH+LSMS320GR,158,80
WCLCRO+RPR44WH,163,158
CRSF100BL2PK+PHCH1PWRSBL2PK+ICST64E272PK,102,91
CRSF100BM+WSHR135BM+LSFT220BC,693,595
CRSF100BM+WSHR135BM+LSFT220FG+ICST64E27,178,126
CRSF100BM+WSHR135BM+LSFT220GB+ICST64E27,88,339
CRSF100BM+WSHR135BM+LSHH240BC,156,126
CRSF100BM+WSHR135BM+LSOL180BG,410,595
CRSF120YB,626,443
CRSF2003BM+PHSH1PBRYB3PK+WCFRHE3PK,20,18
CRSF2003BM+PHTT1PBRBM3PK+WCRTBR3PK,65,63
CRSF100PIAPK+PHHT1PBRPIAPK+ICST64E27APK,2,0
LDMST64E2783PK,1519,958
PHUH1HETBM+LSCY290BU+ICST64E27,0,88
LDWWB2272PK,0,0
CRSF100CH+WSNW170CH+SCRN70CH+LSFT220CH+ICST64E27,107,94
CRSF100WH+LHNSE27WH+LSMS320BD+ICST64E27,-,
CRSF100BM+WSLS155YB+SCRN70BM+LSLC180BS+ICST64E27,174,160
CRSF100BM+WSLS155BM+WCB5BM+ICST64E27,455,407
CRSF100BM+WSHR135BM+LSOL180BM,693,595
LSRP260YB,128,49
CRSF108WH,249,150
LDMST64E278,4557,2874
PHUH0.5HETBM+LSCY290BU+ICST64E27,0,42
LSRP260CH3PK+RPR44WH3PK,81,79
LSCY290BU5PK+RPR44WH5PK,0,17
LDWWB22152PK,21,14
CRSF100BM+WSHR135BM+LSUL220BS,369,343
CRSF100BM+WSLS155YB+SCRN70BM+LSLC180RR,178,169
CRSF100BM+WSLS155YB+SCRN70BM+LSLC180RR+ICST64E27,178,169
CRSF100BS+PHSH1PBRBS+WCBNBS+ICST64E27,114,85
CRSF100YB+WSLS155YB+WCB5BC,119,109
CRSF2003CH+PHUM1PCRCH3PK+WCCLWH3PK,0,0
ENC4190,0,86
WSAT105YB,2,126
CRSF100BM+PHTT1PBRBM+WCRTBR+ICST64E27,195,190
CRSF100BM+WSHR135BM+LSFT220RR,294,595
CRSF100BM+WSHR135BM+LSFT220YB,594,415
ENC4230,0,0
CRSF100HCH+LHNSE27CH+SCRN70CH+WCWDCH,171,146
CRSF100BM+WSHR135BM+LSUL220BB+ICST64E27,245,179
CRSF100YB+WSNW170YB+SCRN70YB+LSFT220YB,195,415
CRSF100CH+WSNW170CH+SCRN70CH+LSFT220CH,107,94
CRSF100WH+LHNSE27WH+LSMS320YE+ICST64E27,158,80
CRSF100RO+PHSH1PBRRO+WCBNRO,27,148
CRSF100BM+WSLS155YB+SCRN70BM+LSLC180BC+ICST64E27,110,76
CRSF100BM+WSNW170BM+SCRN70BM+LSFT220BG+ICST64E27,128,0
LDMST64E2766PK,0,468
LDWWB229APK,0,0
CRSF100WH+LHNSE27WH+LSMS320GR+ICST64E27,158,80
CRSF100RR+PHSH1PBRRR+WCBNRR+ICST64E27,57,54
CRSF100RO+PHSH1PBRRO+WCBNRO+ICST64E27,27,148
CRSF100BM+WSLS155YB+SCRN70BM+LSLC180BC,110,76
CRSF100BM+WSHR135BM+LSFT220CO,693,591
CRSF100BM+WSHR135BM+LSFT220FG,178,126
CRSF100BM+WSHR135BM+LSFT220GS,179,517
CRSF100BM+WSHR135BM+LSFT220RO,170,246
CRSF2003BB+PHCH1PBRBB3PK+LSTF40BB3PK,20,3
CRSF100GY+PHHT1PBRGY,0,33
CRSF100WH2PK+PHCH1PWRSGY2PK+LSDO210GY2PK,51,124
CRSF100BM+WSHR135BM+LSUL220BM+ICST64E27,369,595
CRSF100BM+WSHR135BM+LSUL220RR+ICST64E27,146,259
CRSF100WH+LHNSE27WH+LSMS320BT+ICST64E27,158,80
CRSF100WH+LHNSE27WH+LSMS320BI,158,80
CRSF100YB+WSLS155YB+WCB5BC+ICST64E27,119,109
CRSF100CO+WSLS155CO+WCB5RR,116,60
24IP6780,145,109
LDMG80E274,865,2221
CRSF2003CH+PHHT1PCRCH3PK+WCWDCH3PK,44,39
CNP1000WH,549,527
CRFF140CH+WSNW170CH+WCDCCH,0,0
WCCLWH+RPR44WH,0,0
WCFRHE+RPR44WH,61,55
WCWYBB,142,0
WSAT105SN,31,12
WSLS155RO,496,489
CRSF100BL5PK+PHHT1PBRBL5PK+ICST64E275PK,0,0
CRSF100BM+LHHTE27BM+WCBNBM+ICST64E27,113,206
CRSF100BM+LHHTE27BM+WCLNBM,113,206
CRSF100BM+WSHR135BM+LSFT220YE+ICST64E27,428,563
PHHR1YETYE+ICST64E27,193,193
CRSF100BM+WSHR135BM+LSUL220BC,521,595
CRFF500RR+PHCH1PBRRR3PK+WCB3RR3PK,12,9
CRSF100BM+WSHR135BM+LSUL220BM,369,595
CRSF100RO+WSNW170RO+SCRN70RO+LSFT220RO+ICST64E27,170,163
CRSF100WH+LHNSE27WH+LSMS320BT,158,80
CRSF100BM+PHSH1PBRYB+WCFRHE+ICST64E27,61,55
CRSF100BM+WSHR135BM+LSFT220BI+ICST64E27,693,595
CRSF100BM+WSHR135BM+LSFT220BL+ICST64E27,551,595
CRSF100BM+WSHR135BM+LSFT220GB,88,339
CRSF100BM+WSHR135BM+LSFT220GI+ICST64E27,0,0
CRSF100BM+WSHR135BM+LSFT220RR+ICST64E27,294,595
CRSF100BM+WSHR135BM+LSHH240BC+ICST64E27,156,126
PHHR1BRTBR+ICST64E27,300,297
PLHIBS,60,41
CRSF2003BM+PHSW1PBRBM3PK+LSFT220CH3PK,75,43
CRSF100FG+PHHT1PBRFG+WCLCFG,281,18
CRSF100GY+PHHT1PBRGY+ICST64E27,0,33
LDMG95E278APK,399,495
LDMST64E2762PK,1,1406
LDMST64E2763PK,0,937
LSRP260GB2PK+RPR44WH2PK,113,81
LDWWB2273PK,0,0
LDWWB22153PK,14,9
CRSF100WH+LHNSE27WH+LSMS320RE+ICST64E27,158,80
LSCY290BU+RPR44WH,0,88
LSDO210GY+RPR44WH,103,319
LSDO210NB+RPR44WH,131,143
LSDO210GR+RPR44WH,109,378
LSDO210BL+RPR44WH,26,87
LHSWE27RO,0,0
LHMTE27BM,0,0
LHMTE27CH,0,0
LHPHE27YB,3,3
LHSWE27FG,0,0
LDWWB2215,42,28
LDCWB2295PK,0,18
LDCWB22183PK,131,113
CRFF140GL+LHNSE27YB+SCRN70BM+LSUL220BM+LDMST64E274,44,698
CRFF140GL+LHNSE27YB+SCRN70BM+LSUL220BS,44,343
CRFF500BM+PHTT1PBR5BM3PK+WCHEBM3PK,0,0
LDWWB223APK,0,0
CRFF140GL+LHNSE27YB+SCRN70BM+LSUL220BM,44,698
LDCWE27155PK,18,0
LDCWE2732PK,0,0
CRSF100BM+PHCN1PBRBM+LSCP150WH,74,32
LDWWB2215APK,4,2
LDWWB2232PK,0,0
LDWWB2235PK,0,0
PLWLRR,106,79
LDCWE2733PK,0,0
LDCWB2218APK,39,34
LDCWE273,0,0
ENC2893,0,0
CRFF140GL+LHNSE27YB+SCRN70BM+LSUL220BS+LDMST64E274,44,343
PLWLBM+ICST64E27,120,117
PLWLBS+ICST64E27,37,31
CRFF140GL+LHNSE27YB+SCRN70BM+LSUL220RR+LDMST64E274,44,259
CRFF140GL+LHNSE27YB+SCRN70BM+LSUL220BC+LDMST64E274,44,798
ENC3488,0,0
LDCWB22185PK,79,68
LDCWB2292PK,0,47
LDCWB22182PK,197,170
LDCWE2715APK,9,0
CRSF100BM+WSHR135BM+LSUL220BB,245,179
CRFF140GL+LHNSE27YB+SCRN70BM+LSUL220BB+LDMST64E274,44,179
LDCWB229,0,94
LDCWE2735PK,0,0
LDCWE273APK,0,0
LHSWE27CH,0,0
LHMTE27FG,0,0
LDCWB2218,395,340
CRFF140GL+LHNSE27YB+SCRN70BM+LSUL220BC,44,798
LHPHE27SN,0,0
LHSWE27YB,0,0
LDWWB223,0,0
PLWLBM,120,117
PLWLRR+ICST64E27,106,79
CRFF140GL+LHNSE27YB+SCRN70BM+LSUL220RR,44,259
LPRO9W,0,0
PLWLBS,37,31
LDWWB2233PK,0,0
LDCWB229APK,0,9
PLWLBB,67,64
CRFF140GL+LHNSE27YB+SCRN70BM+LSUL220BB,44,179
LDCWB2293PK,0,31
PLWLBB+ICST64E27,67,64
LHTBE27BN,0,0
PLWEBC+PHHT1PBRBM+WCBNBC+ICT45E2760,10,61
PLWEBM+PHHT1PBRBM+WCBNBM,51,149
PLWEBM+PHHT1PBRBM+WCBNBM+ICT45E2760,51,149
LDWWB227APK,0,0
LDWWB2275PK,0,0
ENC3493,99,89
CRSF100BM+PHHT2PBRBM+SPUPBM+WCVCBM,1023,1318
ENC3547,0,71
ENC3581,0,17
