SKU,Listing URL,Current Price (GBP),Amazon UK ASIN,Amazon UK Listing URL,Amazon UK Price,Price Difference GBP,Price Status,Match Status,Amazon Record Count
12UK3P1A,https://ledsone.co.uk/products/240v-to-12v-power-supply-universal-adapter,6.49,B09KZZDFV2,https://www.amazon.co.uk/dp/B09KZZDFV2,6.19,-0.3,Amazon Lower,Match,2
12UK3P2A,https://ledsone.co.uk/products/240v-to-12v-power-supply-universal-adapter,6.69,B07DH89GTY,https://www.amazon.co.uk/dp/B07DH89GTY,5.99,-0.7,Amazon Lower,Match,2
CRFF108BM+PHRI1PBRBA+LSCY290BG,https://ledsone.co.uk/products/industrial-vintage-metal-pendant-light-fittings,22.31,B0FQV7RJSC,https://www.amazon.co.uk/dp/B0FQV7RJSC,19.99,-2.32,Amazon Lower,Match,3
CRFF140GL+WSWH135BM+LSDO210BL,https://ledsone.co.uk/products/industrial-vintage-retro-blue-wall-sconces-e27-uk-holders,23.89,B09WDWM2K7,https://www.amazon.co.uk/dp/B09WDWM2K7,18.89,-5.0,Amazon Lower,Match,1
CRFF140GL+WSWH135BM+LSDO210BM+ICST64E27,https://ledsone.co.uk/products/industrial-vintage-retro-black-wall-sconces-e27-uk-holders,23.89,B0DJFP2DV7,https://www.amazon.co.uk/dp/B0DJFP2DV7,21.89,-2.0,Amazon Lower,Match,1
CRFF140GL+WSWH135BM+LSDO210GR,https://ledsone.co.uk/products/industrial-vintage-retro-green-wall-sconces-e27-uk-holders,23.89,B09WDWH2KQ,https://www.amazon.co.uk/dp/B09WDWH2KQ,18.89,-5.0,Amazon Lower,Match,1
CRFF140GL+WSWH135BM+LSDO210GY+ICST64E27,https://ledsone.co.uk/products/industrial-vintage-retro-grey-wall-sconces-e27-uk-holders,23.89,B0DJFPFTKT,https://www.amazon.co.uk/dp/B0DJFPFTKT,21.89,-2.0,Amazon Lower,Match,1
CRFF140GL+WSWH135BM+LSDO210NB+ICST64E27,https://ledsone.co.uk/products/industrial-vintage-retro-navy-blue-wall-sconces-e27-uk-holders,24.89,B0DJFPNJ6Y,https://www.amazon.co.uk/dp/B0DJFPNJ6Y,21.89,-3.0,Amazon Lower,Match,1
CRFF140GL+WSWH135BM+LSDO210OR,https://ledsone.co.uk/products/industrial-vintage-retro-orange-wall-sconces-e27-uk-holders,23.89,B09WDX6VC1,https://www.amazon.co.uk/dp/B09WDX6VC1,21.89,-2.0,Amazon Lower,Match,1
CRSF100BM+WSCH135BM+LSDM220CO,https://ledsone.co.uk/products/copper-wall-light-lamp-shade-retro-wall-light-fixtures,17.59,B08KWF51XX,https://www.amazon.co.uk/dp/B08KWF51XX,16.89,-0.7,Amazon Lower,Match,1
CRSF100BM+WSCH135BM+LSDM220RO,https://ledsone.co.uk/products/rose-gold-retro-vintage-style-wall-lights-sconce-lamp-fitting-kit,17.59,B08KWCZQKR,https://www.amazon.co.uk/dp/B08KWCZQKR,16.89,-0.7,Amazon Lower,Match,1
CRSF100BM+WSCH135BM+LSDM220SN,https://ledsone.co.uk/products/rose-gold-retro-vintage-style-wall-lights-sconce-lamp-fitting-kit,17.59,B08KWCLY8T,https://www.amazon.co.uk/dp/B08KWCLY8T,16.89,-0.7,Amazon Lower,Match,1
CRSF100BM3PK+PHSQ1PBRYB3PK+LSSS300GR3PK,https://ledsone.co.uk/products/3pcs-vintage-retro-lustre-suspension-industrielle-plafonnier-e27-abat-jour-en-metal-suspension-led-luminaire-loft-suspension-suspension-5437,78.99,B0DF7M6WBT,https://www.amazon.co.uk/dp/B0DF7M6WBT,48.99,-30.0,Amazon Lower,Match,1
CRSF100CH+PHMU1PBRCH+LSDM220CH,https://ledsone.co.uk/products/metal-pendant-ceiling-light-over-kitchen-island,25.3,B08WLZVHGP,https://www.amazon.co.uk/dp/B08WLZVHGP,25.0,-0.3,Amazon Lower,Match,1
CRSF100CH+PHMU1PBRCH+LSDM220CH+ICST64E27,https://ledsone.co.uk/products/metal-pendant-ceiling-light-over-kitchen-island,33.3,B09WJ2LHRF,https://www.amazon.co.uk/dp/B09WJ2LHRF,24.5,-8.8,Amazon Lower,Match,1
CRSF100NB,https://ledsone.co.uk/products/10cm-blue-side-fit-ceiling-rose,4.9,B0B1F9V3H7,https://www.amazon.co.uk/dp/B0B1F9V3H7,4.75,-0.15,Amazon Lower,Match,1
CRSF1202CH+PHUM1PCRCH2PK+WCRWBL2PK,https://ledsone.co.uk/products/blue-rattan-pendant-light-2-head-e27-hanging-lamp,32.39,B0BY2TWBNH,https://www.amazon.co.uk/dp/B0BY2TWBNH,27.89,-4.5,Amazon Lower,Match,2
CRSF1202CO,https://ledsone.co.uk/products/all-multi-outlet-2-hole-copper-ceiling-rose-black-drop-pendant-120x25mm-new,6.69,B0B8J8FJFN,https://www.amazon.co.uk/dp/B0B8J8FJFN,6.59,-0.1,Amazon Lower,Match,1
CRSF1204CO,https://ledsone.co.uk/products/all-multi-outlet-2-hole-copper-ceiling-rose-black-drop-pendant-120x25mm-new,8.49,B0B8J4823T,https://www.amazon.co.uk/dp/B0B8J4823T,7.17,-1.32,Amazon Lower,Match,1
CRSF1208CO,https://ledsone.co.uk/products/all-multi-outlet-2-hole-copper-ceiling-rose-black-drop-pendant-120x25mm-new,12.09,B0851CNQVZ,https://www.amazon.co.uk/dp/B0851CNQVZ,11.49,-0.6,Amazon Lower,Match,2
CRSF1209BM,https://ledsone.co.uk/products/9-outlet-black-metal-ceiling-rose-120x25mm,12.29,B0B8DS35K7,https://www.amazon.co.uk/dp/B0B8DS35K7,10.99,-1.3,Amazon Lower,Match,3
CRSF1209CO,https://ledsone.co.uk/products/all-multi-outlet-2-hole-copper-ceiling-rose-black-drop-pendant-120x25mm-new,13.39,B0851CVZ81,https://www.amazon.co.uk/dp/B0851CVZ81,12.49,-0.9,Amazon Lower,Match,2
CRSF1209WH,https://ledsone.co.uk/products/9-outlet-white-metal-ceiling-rose-120x25mm,12.48,B0GW81MFNN,https://www.amazon.co.uk/dp/B0GW81MFNN,12.29,-0.19,Amazon Lower,Match,1
CRSF120YB+WSRH230YB+LSGD280AR,https://ledsone.co.uk/products/glass-wall-light-retro-loft-style-lighting-amber-glass-shade-vintage-industrial,23.89,B0843PH3M7,https://www.amazon.co.uk/dp/B0843PH3M7,22.79,-1.1,Amazon Lower,Match,1
CRSF2003RO,https://ledsone.co.uk/products/multi-outlet-ceiling-rose-3-way-outlet-black-1,7.3,B084VPKMLH,https://www.amazon.co.uk/dp/B084VPKMLH,6.89,-0.41,Amazon Lower,Match,1
ENC5100,https://ledsone.co.uk/products/3pcs-vintage-retro-lustre-suspension-industrielle-plafonnier-e27-abat-jour-en-metal-suspension-led-luminaire-loft-suspension-suspension-5437,89.49,B0C6614JV9,https://www.amazon.co.uk/dp/B0C6614JV9,48.99,-40.5,Amazon Lower,Match,1
ENC5148,https://ledsone.co.uk/products/3pcs-vintage-retro-lustre-suspension-industrielle-plafonnier-e27-abat-jour-en-metal-suspension-led-luminaire-loft-suspension-suspension-5437,89.49,B0DF7LNMSD,https://www.amazon.co.uk/dp/B0DF7LNMSD,48.99,-40.5,Amazon Lower,Match,1
ENC5257,https://ledsone.co.uk/products/dome-shape-shade-pendant-3-core-cable-hanging-lamp-e27-lamp-socket-4475,19.19,B0CBJQ12PH,https://www.amazon.co.uk/dp/B0CBJQ12PH,15.89,-3.3,Amazon Lower,Match,2
ENC5259,https://ledsone.co.uk/products/dome-shape-shade-pendant-3-core-cable-hanging-lamp-e27-lamp-socket-4475,19.19,B0CBJSZJBV,https://www.amazon.co.uk/dp/B0CBJSZJBV,17.89,-1.3,Amazon Lower,Match,2
ENC5260,https://ledsone.co.uk/products/dome-shape-shade-pendant-3-core-cable-hanging-lamp-e27-lamp-socket-4475,19.19,B0CBJT4C3Y,https://www.amazon.co.uk/dp/B0CBJT4C3Y,17.89,-1.3,Amazon Lower,Match,2
ENC5657,https://ledsone.co.uk/products/3pcs-vintage-retro-lustre-suspension-industrielle-plafonnier-e27-abat-jour-en-metal-suspension-led-luminaire-loft-suspension-suspension-5437,89.49,B0DF7LDYFS,https://www.amazon.co.uk/dp/B0DF7LDYFS,48.99,-40.5,Amazon Lower,Match,1
ENC6588,https://ledsone.co.uk/products/3pcs-vintage-retro-lustre-suspension-industrielle-plafonnier-e27-abat-jour-en-metal-suspension-led-luminaire-loft-suspension-suspension-5437,89.49,B0DF7KCRKF,https://www.amazon.co.uk/dp/B0DF7KCRKF,48.99,-40.5,Amazon Lower,Match,1
ENC6592,https://ledsone.co.uk/products/3pcs-vintage-retro-lustre-suspension-industrielle-plafonnier-e27-abat-jour-en-metal-suspension-led-luminaire-loft-suspension-suspension-5437,89.49,B0DF7LXD4M,https://www.amazon.co.uk/dp/B0DF7LXD4M,48.99,-40.5,Amazon Lower,Match,1
ENC7452,https://ledsone.co.uk/products/black-single-pendant-light,19.16,B0D94K4SHN,https://www.amazon.co.uk/dp/B0D94K4SHN,18.99,-0.17,Amazon Lower,Match,1
HLCH128BM,https://ledsone.co.uk/products/black-pull-and-open-close-kitchen-cabinet-door-handles,5.39,B0DFHK8JWT,https://www.amazon.co.uk/dp/B0DFHK8JWT,2.89,-2.5,Amazon Lower,Match,3
LDCWB2215,https://ledsone.co.uk/products/b22-base-bulbs,7.49,B0D5CNFQ3B,https://www.amazon.co.uk/dp/B0D5CNFQ3B,5.19,-2.3,Amazon Lower,Match,2
LDCWB22153PK,https://ledsone.co.uk/products/3-x-energy-saving-led-light-cool-white-bulbs-b22-bayonet-screw-lamp-3w-25w-gls,15.49,B0D5CM2FKV,https://www.amazon.co.uk/dp/B0D5CM2FKV,9.19,-6.3,Amazon Lower,Match,3
LDCWB2218,https://ledsone.co.uk/products/b22-base-bulbs,7.99,B0D5CMQ9KH,https://www.amazon.co.uk/dp/B0D5CMQ9KH,5.39,-2.6,Amazon Lower,Match,2
LDCWE27253PK,https://ledsone.co.uk/products/3-x-vintage-led-bulbs-3w-25w-e27-screw-gls-lamp-light-bulbs-cool-white,13.49,B0DHC8T9XP,https://www.amazon.co.uk/dp/B0DHC8T9XP,9.59,-3.9,Amazon Lower,Match,2
LDMG125E278,https://ledsone.co.uk/products/globe-filament-dimmable-led-bulb,8.49,B09M41Z83H,https://www.amazon.co.uk/dp/B09M41Z83H,8.19,-0.3,Amazon Lower,Match,2
LDMG95B228,https://ledsone.co.uk/products/ampoules-led-vintage-edison-8-w-b22-a-baionnette-avec-filament-style-antique-decoratif-economie-denergie-blanc-chaud-antique-lampe-8w-240v-5428,7.39,B0CNPV5SC5,https://www.amazon.co.uk/dp/B0CNPV5SC5,6.79,-0.6,Amazon Lower,Match,1
LDMG95E274APK,https://ledsone.co.uk/products/10-pack-g95-e27-4w-led-globe-vintage-led-retro-light-bulbs,29.5,B0D7MDP9XP,https://www.amazon.co.uk/dp/B0D7MDP9XP,22.99,-6.51,Amazon Lower,Match,3
LDMST64E274APK,https://ledsone.co.uk/products/10-x-st64-e27-60w-vintage-antique-retro-edison-lamp-light-bulbs-filament-220v-uk,33.69,B0DT9TL5DW,https://www.amazon.co.uk/dp/B0DT9TL5DW,18.89,-14.8,Amazon Lower,Match,2
LHPVE27BM,https://ledsone.co.uk/products/black-bakelight-with-thread-and-without-ring-lamp-holder,4.99,B0B2F3FLSL,https://www.amazon.co.uk/dp/B0B2F3FLSL,4.09,-0.9,Amazon Lower,Match,1
LHRBE27WH3PK,https://ledsone.co.uk/products/3-pack-e27-light-bulb-pendant-socket-holder-screw-white-plastic-lamp-holder-4382,10.99,B0C14VZCNB,https://www.amazon.co.uk/dp/B0C14VZCNB,10.89,-0.1,Amazon Lower,Match,2
LSCA400BF,https://ledsone.co.uk/products/black-and-gold-crystal-chandelier-light,156.89,B0CH8BXXRN,https://www.amazon.co.uk/dp/B0CH8BXXRN,100.99,-55.9,Amazon Lower,Match,2
LSCY290BU+RPR44WH,https://ledsone.co.uk/products/burgundy-industrial-metal-easy-fit-curvy-shape-lamp-shade,16.39,B09J8SKXZ2,https://www.amazon.co.uk/dp/B09J8SKXZ2,15.89,-0.5,Amazon Lower,Match,3
LSCY290GY+RPR44WH,https://ledsone.co.uk/products/290mm-retroeasy-fit-lighting-metal-lampshade,13.49,B0CN6YPNT5,https://www.amazon.co.uk/dp/B0CN6YPNT5,12.99,-0.5,Amazon Lower,Match,2
LSDM220CH+RPR44WH,https://ledsone.co.uk/products/220mm-retro-style-light-shades-modern-ceiling-pendant-metal-lampshades,12.99,B093HCPNXT,https://www.amazon.co.uk/dp/B093HCPNXT,11.89,-1.1,Amazon Lower,Match,2
LSDM220CO+RPR44WH,https://ledsone.co.uk/products/220mm-retro-style-light-shades-modern-ceiling-pendant-metal-lampshades,12.99,B093HGXNZ1,https://www.amazon.co.uk/dp/B093HGXNZ1,11.89,-1.1,Amazon Lower,Match,2
LSDM220GS+RPR44WH,https://ledsone.co.uk/products/220mm-retro-style-light-shades-modern-ceiling-pendant-metal-lampshades,12.99,B0D1K2KTK7,https://www.amazon.co.uk/dp/B0D1K2KTK7,12.09,-0.9,Amazon Lower,Match,1
LSDM220RO+RPR44WH,https://ledsone.co.uk/products/220mm-retro-style-light-shades-modern-ceiling-pendant-metal-lampshades,12.99,B0D1K16STY,https://www.amazon.co.uk/dp/B0D1K16STY,12.09,-0.9,Amazon Lower,Match,2
LSDM220SN+RPR44WH,https://ledsone.co.uk/products/220mm-retro-style-light-shades-modern-ceiling-pendant-metal-lampshades,12.99,B0D1JX8WLP,https://www.amazon.co.uk/dp/B0D1JX8WLP,12.09,-0.9,Amazon Lower,Match,2
LSDM220YB+RPR44WH,https://ledsone.co.uk/products/220mm-retro-style-light-shades-modern-ceiling-pendant-metal-lampshades,12.99,B0D1K87V7R,https://www.amazon.co.uk/dp/B0D1K87V7R,12.09,-0.9,Amazon Lower,Match,2
LSDO400GY+RPR44WH,https://ledsone.co.uk/products/dome-lampshades-for-ceiling-pendant-lights,15.99,B08NYMTRJ1,https://www.amazon.co.uk/dp/B08NYMTRJ1,12.99,-3.0,Amazon Lower,Match,1
LSFT220CH+RPR44WH,https://ledsone.co.uk/products/abat-jour-retro-industriel-en-metal-facile-a-installer-suspension-pour-cuisine-salle-a-manger-e27-5435,12.89,B08NXLVKBS,https://www.amazon.co.uk/dp/B08NXLVKBS,10.79,-2.1,Amazon Lower,Match,1
LSFT220GB+RPR44WH,https://ledsone.co.uk/products/abat-jour-retro-industriel-en-metal-facile-a-installer-suspension-pour-cuisine-salle-a-manger-e27-5435,12.89,B08NXQTWGB,https://www.amazon.co.uk/dp/B08NXQTWGB,10.79,-2.1,Amazon Lower,Match,1
LSFT220GS+RPR44WH,https://ledsone.co.uk/products/black-color-golden-edge-cone-shape-lamp-shade,12.89,B0BT82Z2LZ,https://www.amazon.co.uk/dp/B0BT82Z2LZ,10.79,-2.1,Amazon Lower,Match,1
LSLG190BG,https://ledsone.co.uk/products/retro-industrial-hanging-lamp-pendant-lamp-bar-lampshade-lamp-e27-black-new,28.89,B0C8THHCYT,https://www.amazon.co.uk/dp/B0C8THHCYT,25.89,-3.0,Amazon Lower,Match,2
NT35PK,https://ledsone.co.uk/products/25mm-long-5pcs-m10-threaded-zinc-alloy-pipe-nipple-lamp-repair-part,5.09,B0GC58BHBS,https://www.amazon.co.uk/dp/B0GC58BHBS,3.09,-2.0,Amazon Lower,Match,1
NT55PK,https://ledsone.co.uk/products/25mm-long-5pcs-m10-threaded-zinc-alloy-pipe-nipple-lamp-repair-part,5.19,B0GC4P952G,https://www.amazon.co.uk/dp/B0GC4P952G,3.09,-2.1,Amazon Lower,Match,1
PLHLBM+ICST64E272PK,https://ledsone.co.uk/products/vintage-black-metal-water-pipe-double-head-wall-light,21.19,B0FVXJMKGC,https://www.amazon.co.uk/dp/B0FVXJMKGC,20.89,-0.3,Amazon Lower,Match,2
WCBLBM,https://ledsone.co.uk/products/black-barrel-shape-cylindrical-wire-cage,9.79,B08PZDJ3C5,https://www.amazon.co.uk/dp/B08PZDJ3C5,7.99,-1.8,Amazon Lower,Match,2
WSWMYE+ICT45E2760,https://ledsone.co.uk/products/modern-vintage-wood-wall-light-fixtures,17.59,B092W5RL39,https://www.amazon.co.uk/dp/B092W5RL39,11.89,-5.7,Amazon Lower,Match,2
