product_url,handle
https://ledsone.co.uk/products/ip68-waterproof-junction-box-case-for-electrical-cable-wire-connector-5599,ip68-waterproof-junction-box-case-for-electrical-cable-wire-connector-5599
https://ledsone.co.uk/products/rose-gold-lamp-shade-cap-for-pendant-light-socket-holder-fitting,rose-gold-lamp-shade-cap-for-pendant-light-socket-holder-fitting
https://ledsone.co.uk/products/40cm-black-metal-dome-pendant-light,40cm-black-metal-dome-pendant-light
https://ledsone.co.uk/products/modern-vintage-pendant-light-fitting-retro-industrial-style-e27-lamp-holder,modern-vintage-pendant-light-fitting-retro-industrial-style-e27-lamp-holder
https://ledsone.co.uk/products/pendant-light-fitting-ceiling-rose-e27-suspension-set-fabric-corded-rose-gold,pendant-light-fitting-ceiling-rose-e27-suspension-set-fabric-corded-rose-gold
https://ledsone.co.uk/products/tiffany-style-ceiling-pendant-hanging-mediterranean-style-lamp-light-decorative-home-4541,tiffany-style-ceiling-pendant-hanging-mediterranean-style-lamp-light-decorative-home-4541
https://ledsone.co.uk/products/brushed-silver-metal-industrial-hanging-pendant-lighting-adjustable-hanging-barn-light,brushed-silver-metal-industrial-hanging-pendant-lighting-adjustable-hanging-barn-light
https://ledsone.co.uk/products/ledsone-industrial-vintage-32cm-orange-pendant-retro-metal-lamp-shade-e27-uk-holder,ledsone-industrial-vintage-32cm-orange-pendant-retro-metal-lamp-shade-e27-uk-holder
https://ledsone.co.uk/products/lamp-shade-spring-clip-retainer-for-lamp-part-shades-5963,lamp-shade-spring-clip-retainer-for-lamp-part-shades-5963
https://ledsone.co.uk/products/french-gold-pendant-lights-gold-ceiling-lights-metal-industrial-light-shade,french-gold-pendant-lights-gold-ceiling-lights-metal-industrial-light-shade
https://ledsone.co.uk/products/e27-g95-40w-dimmable-antique-globe-industrial-retro-bulb,e27-g95-40w-dimmable-antique-globe-industrial-retro-bulb
https://ledsone.co.uk/products/dc12v-60w-ip20-mini-universal-regulated-switching-led-transformer,dc12v-60w-ip20-mini-universal-regulated-switching-led-transformer
https://ledsone.co.uk/products/industrial-vintage-style-wall-or-ceiling-light-b22-bar-conduits-light,industrial-vintage-style-wall-or-ceiling-light-b22-bar-conduits-light
https://ledsone.co.uk/products/3-light-bulb-guard-cage-cluster-pendant-lights,3-light-bulb-guard-cage-cluster-pendant-lights
https://ledsone.co.uk/products/conduit-pipe-table-lamp-with-dimmer-switch-industrial-steampunk-light-5651,conduit-pipe-table-lamp-with-dimmer-switch-industrial-steampunk-light-5651
https://ledsone.co.uk/products/28w-compact-led-driver-ac-230v-to-dc12v-power-supply-transformer,28w-compact-led-driver-ac-230v-to-dc12v-power-supply-transformer
https://ledsone.co.uk/products/3-light-ceiling-pendant-light-with-pulley-system,3-light-ceiling-pendant-light-with-pulley-system
https://ledsone.co.uk/products/light-fixing-strap-brace-ceiling-rose-155mm-bracket-plate-with-accessories,light-fixing-strap-brace-ceiling-rose-155mm-bracket-plate-with-accessories
https://ledsone.co.uk/products/ceramic-porcelain-type-6-es-e27-edison-screw-heat-bulb-variation-lamp-holder,ceramic-porcelain-type-6-es-e27-edison-screw-heat-bulb-variation-lamp-holder
https://ledsone.co.uk/products/2pcs-bath-pedestal-rug-set-soft-non-slip-water-absorbent-mat-sets-5393,2pcs-bath-pedestal-rug-set-soft-non-slip-water-absorbent-mat-sets-5393
https://ledsone.co.uk/products/cone-wall-light,cone-wall-light
https://ledsone.co.uk/products/copper-lamp-shade-cap-for-pendant-light-socket-holder-fitting,copper-lamp-shade-cap-for-pendant-light-socket-holder-fitting
https://ledsone.co.uk/products/dc12v-15w-led-driver-power-supply-transformer,dc12v-15w-led-driver-power-supply-transformer
https://ledsone.co.uk/products/warm-white-12v-led-waterproof-modules-ip67-outdoor-5677,warm-white-12v-led-waterproof-modules-ip67-outdoor-5677
https://ledsone.co.uk/products/5-x-vintage-pendant-cord-grip-strain-relief-metal-cable-lock-10mm-nut-6048,5-x-vintage-pendant-cord-grip-strain-relief-metal-cable-lock-10mm-nut-6048
https://ledsone.co.uk/products/pipe-lighting-accessories-iron-5way-cross,pipe-lighting-accessories-iron-5way-cross
https://ledsone.co.uk/products/industrial-vintage-various-colours-ceiling-light-fitting-e27-pendant-holder,industrial-vintage-various-colours-ceiling-light-fitting-e27-pendant-holder
https://ledsone.co.uk/products/3-core-army-green-round-vintage-italian-braided-fabric-cable-flex-0-75mm-uk,3-core-army-green-round-vintage-italian-braided-fabric-cable-flex-0-75mm-uk
https://ledsone.co.uk/products/dc24v-ip67-30w-waterproof-led-driver-power-supply-transformer,dc24v-ip67-30w-waterproof-led-driver-power-supply-transformer
https://ledsone.co.uk/products/screw-e27-white-plain-holder-bakelite-lamp-holder,screw-e27-white-plain-holder-bakelite-lamp-holder
https://ledsone.co.uk/products/vintage-e27-edison-screw-3w-filament-bulb-warm-white-2000k-amber-glass-5073,vintage-e27-edison-screw-3w-filament-bulb-warm-white-2000k-amber-glass-5073
https://ledsone.co.uk/products/3-outlet-500mm-black-metal-ceiling-rose-square,3-outlet-500mm-black-metal-ceiling-rose-square
https://ledsone.co.uk/products/red-wicker-rattan-lampshade-ceiling-pendant-light,red-wicker-rattan-lampshade-ceiling-pendant-light
https://ledsone.co.uk/products/black-finished-industrial-adjustable-pendant-light-fixture,black-finished-industrial-adjustable-pendant-light-fixture
https://ledsone.co.uk/products/plug-in-wall-light-kit-dimmer-uk-plug-flex-wire,plug-in-wall-light-kit-dimmer-uk-plug-flex-wire
https://ledsone.co.uk/products/orange-painted-metal-shade-lighting-vintage-pendant-light,orange-painted-metal-shade-lighting-vintage-pendant-light
https://ledsone.co.uk/products/vintage-edison-led-filament-bulb-g80-b22-4w-dimmable,vintage-edison-led-filament-bulb-g80-b22-4w-dimmable
https://ledsone.co.uk/products/fabric-hemp-flex-cable-kit-black-plug-in-pendant-lamp-light-e27-fitting-vintage-lamp,fabric-hemp-flex-cable-kit-black-plug-in-pendant-lamp-light-e27-fitting-vintage-lamp
https://ledsone.co.uk/products/industrial-style-ceiling-light-three-b22-bar-conduits-light,industrial-style-ceiling-light-three-b22-bar-conduits-light
https://ledsone.co.uk/products/black-bakelite-lamp-holder-industrial-socket-light-bulb-holder-5735,black-bakelite-lamp-holder-industrial-socket-light-bulb-holder-5735
https://ledsone.co.uk/products/1m-white-pendant-light-holder,1m-white-pendant-light-holder
https://ledsone.co.uk/products/hemp-rope-metal-pendant-light-spider-light-hanging-light,hemp-rope-metal-pendant-light-spider-light-hanging-light
https://ledsone.co.uk/products/fisherman-caged-conduit-pipe-light-shade-3-4-entry-wall-lantern-with-glass,fisherman-caged-conduit-pipe-light-shade-3-4-entry-wall-lantern-with-glass
https://ledsone.co.uk/products/retro-vintage-1cm-hole-barrel-cage-design-rattan-style-lamp-light-shades-4219,retro-vintage-1cm-hole-barrel-cage-design-rattan-style-lamp-light-shades-4219
https://ledsone.co.uk/products/105mm-bracket-strap-brace-plate-with-accessories-ceiling-rose-light-fixing,105mm-bracket-strap-brace-plate-with-accessories-ceiling-rose-light-fixing
https://ledsone.co.uk/products/linear-cage-pendant-light-fixture,linear-cage-pendant-light-fixture
https://ledsone.co.uk/products/b22-t185-60w-dimmable-vintage-light-filament-bulb,b22-t185-60w-dimmable-vintage-light-filament-bulb
https://ledsone.co.uk/products/design-women-toe-post-flip-flop-beach-slipper-for-sea,design-women-toe-post-flip-flop-beach-slipper-for-sea
https://ledsone.co.uk/products/industrial-ribbed-glass-wall-lights-replacement-lampshades-for-wall-lights,industrial-ribbed-glass-wall-lights-replacement-lampshades-for-wall-lights
https://ledsone.co.uk/products/3-way-modern-black-ceiling-pendant-cluster-light-fitting-industrial-pendant-lampshade,3-way-modern-black-ceiling-pendant-cluster-light-fitting-industrial-pendant-lampshade